geo3x3,city,town
E9244847174,青森市,青葉一丁目
E9244847176,青森市,青葉二丁目
E92448471817,青森市,青葉三丁目
E9244847494,青森市,青柳一丁目
E92448474598,青森市,青柳二丁目
E924484735,青森市,赤坂一丁目
E9244847383,青森市,赤坂二丁目
E9244769638,青森市,旭町一丁目
E9244769636,青森市,旭町二丁目
E9244769633,青森市,旭町三丁目
E92448725,青森市,大字浅虫
E924479315,青森市,大字飛鳥
E924476985,青森市,大字油川
E92448418,青森市,大字荒川
E924476954,青森市,大字石江
E924484793,青森市,大字泉野
E92447667,青森市,大字岩渡
E9244844779,青森市,大字牛館
E924479294,青森市,大字後潟
E924484766,青森市,大字後萢
E92447934,青森市,大字内真部
E9244847422,青森市,大字浦町
E9244844775,青森市,大字上野
E92447664,青森市,大字大谷
E924476939,青森市,大字大野
E924484441,青森市,大字大別内
E9244844884,青森市,大字大矢沢
E924476972,青森市,大字岡町
E924479317,青森市,大字奥内
E92448441,青森市,大字小畑沢
E92447669,青森市,大字金浜
E92448722,青森市,大字久栗坂
E924484765,青森市,大字桑原
E92448445,青森市,大字合子沢
E9244844896,青森市,大字幸畑
E924476664,青森市,大字小館
E924479292,青森市,大字小橋
E9244845,青森市,大字駒込
E9244847618,青森市,大字小柳
E92448481,青森市,大字沢山
E924476951,青森市,大字三内
E9244848492,青森市,大字三本木
E9244795313,青森市,大字四戸橋
E924479266,青森市,大字清水
E92447694,青森市,大字新城
E924484478,青森市,大字新町野
E924484841,青森市,大字諏訪沢
E924479314,青森市,大字瀬戸子
E9244847694,青森市,大字平新田
E92447668,青森市,大字高田
E92448485,青森市,大字滝沢
E92448449,青森市,大字田茂木野
E9244847294,青森市,大字田屋敷
E924484843,青森市,大字築木館
E924484724,青森市,大字筒井
E92447682,青森市,大字鶴ケ坂
E92447686,青森市,大字戸門
E924484762,青森市,大字戸崎
E9244847388,青森市,大字戸山
E924476953,青森市,大字浪館
E9244769647,青森市,大字西滝
E92447689,青森市,大字西田沢
E9244769579,青森市,大字新田
E92447663,青森市,大字入内
E924484447,青森市,大字野木
E924476663,青森市,大字野沢
E9244847136,青森市,大字野尻
E924484877,青森市,大字野内
E924476975,青森市,大字羽白
E9244847191,青森市,大字浜田
E9244847299,青森市,大字浜館
E9244847923,青森市,大字原別
E924479269,青森市,大字左堰
E9244847283,青森市,大字古館
E924476923,青森市,大字細越
E924479263,青森市,大字前田
E92447659,青森市,大字孫内
E9244847522,青森市,大字松森
E924484871,青森市,大字馬屋尻
E9244848499,青森市,大字宮田
E92448446,青森市,大字雲谷
E924476929,青森市,大字安田
E92448488,青森市,大字矢田
E9244847682,青森市,大字矢田前
E9244847118,青森市,大字八ツ役
E9244847699,青森市,大字八幡林
E924484484,青森市,大字横内
E924484485,青森市,大字四ツ石
E924479296,青森市,大字六枚橋
E9244847559,青森市,岡造道一丁目
E9244847567,青森市,岡造道二丁目
E9244847568,青森市,岡造道三丁目
E9244769688,青森市,沖館一丁目
E9244769916,青森市,沖館二丁目
E924476992,青森市,沖館三丁目
E92447696798,青森市,沖館四丁目
E92447696791,青森市,沖館五丁目
E9244847426,青森市,奥野一丁目
E9244847434,青森市,奥野二丁目
E9244847435,青森市,奥野三丁目
E9244847431,青森市,奥野四丁目
E92448471252,青森市,卸町
E9244847428,青森市,勝田一丁目
E9244847429,青森市,勝田二丁目
E9244847572,青森市,合浦一丁目
E9244847581,青森市,合浦二丁目
E9244847411,青森市,桂木一丁目
E9244847412,青森市,桂木二丁目
E9244847413,青森市,桂木三丁目
E9244847421,青森市,桂木四丁目
E9244769634,青森市,金沢一丁目
E9244769626,青森市,金沢二丁目
E9244769631,青森市,金沢三丁目
E9244769623,青森市,金沢四丁目
E9244769622,青森市,金沢五丁目
E9244769661,青森市,北金沢一丁目
E9244769637,青森市,北金沢二丁目
E9244769656,青森市,久須志一丁目
E9244769653,青森市,久須志二丁目
E9244769652,青森市,久須志三丁目
E9244769627,青森市,久須志四丁目
E92448476459,青森市,けやき一丁目
E92448476451,青森市,けやき二丁目
E9244844887,青森市,幸畑一丁目
E9244847222,青森市,幸畑二丁目
E9244847223,青森市,幸畑三丁目
E9244844897,青森市,幸畑四丁目
E9244844886,青森市,幸畑五丁目
E9244847564,青森市,小柳一丁目
E9244847565,青森市,小柳二丁目
E9244847563,青森市,小柳三丁目
E9244847641,青森市,小柳四丁目
E9244847538,青森市,小柳五丁目
E9244847561,青森市,小柳六丁目
E9244847469,青森市,栄町一丁目
E9244847548,青森市,栄町二丁目
E92448475177,青森市,桜川一丁目
E9244847436,青森市,桜川二丁目
E92448475176,青森市,桜川三丁目
E9244847514,青森市,桜川四丁目
E9244847515,青森市,桜川五丁目
E9244847433,青森市,桜川六丁目
E9244847511,青森市,桜川七丁目
E9244847277,青森市,桜川八丁目
E9244847279,青森市,桜川九丁目
E924476956,青森市,里見一丁目
E9244769617,青森市,里見二丁目
E9244769683,青森市,篠田一丁目
E9244769682,青森市,篠田二丁目
E9244769681,青森市,篠田三丁目
E9244847617,青森市,自由ケ丘一丁目
E9244847615,青森市,自由ケ丘二丁目
E92447696689,青森市,新町一丁目
E9244847447,青森市,新町二丁目
E9244769658,青森市,千刈一丁目
E9244769649,青森市,千刈二丁目
E9244769654,青森市,千刈三丁目
E9244769646,青森市,千刈四丁目
E9244769628,青森市,千富町一丁目
E9244769624,青森市,千富町二丁目
E9244847155,青森市,第二問屋町一丁目
E9244847153,青森市,第二問屋町二丁目
E9244847151,青森市,第二問屋町三丁目
E9244847119,青森市,第二問屋町四丁目
E9244847468,青森市,茶屋町
E92448474437,青森市,中央一丁目
E92448474431,青森市,中央二丁目
E9244847419,青森市,中央三丁目
E9244847424,青森市,中央四丁目
E9244847343,青森市,月見野一丁目
E9244847543,青森市,佃一丁目
E9244847551,青森市,佃二丁目
E9244847555,青森市,佃三丁目
E9244847586,青森市,造道一丁目
E9244847583,青森市,造道二丁目
E9244847591,青森市,造道三丁目
E9244847199,青森市,筒井一丁目
E9244847196,青森市,筒井二丁目
E9244847274,青森市,筒井三丁目
E9244847276,青森市,筒井四丁目
E92448474593,青森市,堤町一丁目
E9244847456,青森市,堤町二丁目
E9244769672,青森市,富田一丁目
E9244769671,青森市,富田二丁目
E9244769596,青森市,富田三丁目
E9244769598,青森市,富田四丁目
E9244769677,青森市,富田五丁目
E9244847129,青森市,問屋町一丁目
E92448471258,青森市,問屋町二丁目
E92448474448,青森市,長島一丁目
E92448474442,青森市,長島二丁目
E92448474417,青森市,長島三丁目
E92448474411,青森市,長島四丁目
E9244847527,青森市,中佃一丁目
E9244847528,青森市,中佃二丁目
E9244847553,青森市,中佃三丁目
E9244847557,青森市,浪打一丁目
E9244847558,青森市,浪打二丁目
E92447653,青森市,浪岡大字相沢
E924476389,青森市,浪岡大字王余魚沢
E92447652,青森市,浪岡大字北中野
E924476287,青森市,浪岡大字吉内
E924476426,青森市,浪岡大字郷山前
E92447656,青森市,浪岡大字五本松
E924476456,青森市,浪岡大字下石川
E924476198,青森市,浪岡大字下十川
E924476431,青森市,浪岡大字銀
E92447655,青森市,浪岡大字杉沢
E92447657,青森市,浪岡大字大釈迦
E924476544,青森市,浪岡大字高屋敷
E924476435,青森市,浪岡大字樽沢
E924476547,青森市,浪岡大字徳才子
E924476549,青森市,浪岡大字長沼
E924476515,青森市,浪岡大字浪岡
E924476381,青森市,浪岡大字細野
E92447629,青森市,浪岡大字本郷
E924476191,青森市,浪岡大字増館
E924476511,青森市,浪岡大字女鹿沢
E92447646,青森市,浪岡大字吉野田
E92447651811,青森市,浪岡福田一丁目
E92447651818,青森市,浪岡福田二丁目
E9244765184,青森市,浪岡福田三丁目
E9244769616,青森市,浪館前田一丁目
E9244769618,青森市,浪館前田二丁目
E9244769614,青森市,浪館前田三丁目
E9244769613,青森市,浪館前田四丁目
E9244769385,青森市,西大野一丁目
E9244769381,青森市,西大野二丁目
E9244769382,青森市,西大野三丁目
E9244769383,青森市,西大野四丁目
E924476935,青森市,西大野五丁目
E92448475338,青森市,虹ケ丘一丁目
E92448475336,青森市,虹ケ丘二丁目
E9244769645,青森市,西滝一丁目
E9244769642,青森市,西滝二丁目
E9244769641,青森市,西滝三丁目
E9244769915,青森市,新田一丁目
E9244769914,青森市,新田二丁目
E924476983,青森市,新田三丁目
E92448474549,青森市,橋本一丁目
E92448474543,青森市,橋本二丁目
E9244847451,青森市,橋本三丁目
E9244847466,青森市,花園一丁目
E9244847545,青森市,花園二丁目
E9244847173,青森市,浜田一丁目
E92448471816,青森市,浜田二丁目
E9244847149,青森市,浜田三丁目
E9244847288,青森市,浜館一丁目
E9244847289,青森市,浜館二丁目
E9244847531,青森市,浜館三丁目
E9244847532,青森市,浜館四丁目
E9244847298,青森市,浜館五丁目
E9244847286,青森市,浜館六丁目
E9244847644,青森市,はまなす一丁目
E9244847647,青森市,はまなす二丁目
E9244847912,青森市,原別一丁目
E9244847913,青森市,原別二丁目
E9244847687,青森市,原別三丁目
E9244847922,青森市,原別四丁目
E9244847925,青森市,原別五丁目
E9244847924,青森市,原別六丁目
E924484795,青森市,原別七丁目
E9244847929,青森市,原別八丁目
E9244847171,青森市,東大野一丁目
E9244847147,青森市,東大野二丁目
E9244847596,青森市,東造道一丁目
E9244847593,青森市,東造道二丁目
E9244847671,青森市,東造道三丁目
E92447696682,青森市,古川一丁目
E9244769665,青森市,古川二丁目
E9244769664,青森市,古川三丁目
E9244847284,青森市,古館一丁目
E9244847347,青森市,蛍沢一丁目
E924484737,青森市,蛍沢二丁目
E9244847348,青森市,蛍沢三丁目
E9244847346,青森市,蛍沢四丁目
E9244847446,青森市,本町一丁目
E9244847449,青森市,本町二丁目
E9244847473,青森市,本町三丁目
E9244847457,青森市,本町五丁目
E9244847464,青森市,松原一丁目
E9244847462,青森市,松原二丁目
E9244847438,青森市,松原三丁目
E9244847541,青森市,松森一丁目
E9244847519,青森市,松森二丁目
E9244847513,青森市,松森三丁目
E9244847177,青森市,緑一丁目
E9244847179,青森市,緑二丁目
E9244847187,青森市,緑三丁目
E9244847492,青森市,港町一丁目
E9244847495,青森市,港町二丁目
E9244847574,青森市,港町三丁目
E9244847521,青森市,南佃一丁目
E9244847526,青森市,南佃二丁目
E92448471627,青森市,妙見一丁目
E92448471621,青森市,妙見二丁目
E9244847138,青森市,妙見三丁目
E9244769597,青森市,三好一丁目
E9244769586,青森市,三好二丁目
E9244847673,青森市,本泉一丁目
E9244847676,青森市,本泉二丁目
E9244847598,青森市,八重田一丁目
E9244847677,青森市,八重田二丁目
E9244847675,青森市,八重田三丁目
E9244847672,青森市,八重田四丁目
E92448476789,青森市,矢作一丁目
E92448476782,青森市,矢作二丁目
E9244847679,青森市,矢作三丁目
E9244769693,青森市,安方一丁目
E9244847471,青森市,安方二丁目
E9244769691,青森市,柳川一丁目
E9244769686,青森市,柳川二丁目
E9244769584,青森市,石江一丁目
E9244769581,青森市,石江二丁目
E9244769572,青森市,石江三丁目
E9244769575,青森市,石江四丁目
E9244769574,青森市,石江五丁目
E924484748,青森市,本町四丁目
E9244725,弘前市,大字藍内
E924472946,弘前市,大字青樹町
E924475384,弘前市,大字青女子
E9244753323,弘前市,大字青山一丁目
E9244753326,弘前市,大字青山二丁目
E9244753325,弘前市,大字青山三丁目
E9244753329,弘前市,大字青山四丁目
E9244753328,弘前市,大字青山五丁目
E9244729851,弘前市,大字茜町一丁目
E9244729843,弘前市,大字茜町二丁目
E9244729842,弘前市,大字茜町三丁目
E924472945,弘前市,大字悪戸
E9244729595,弘前市,大字旭ケ丘一丁目
E9244729567,弘前市,大字旭ケ丘二丁目
E924475236,弘前市,大字愛宕
E9244729859,弘前市,大字新町
E924473725,弘前市,大字石川
E9244753257,弘前市,大字石渡
E9244753252,弘前市,大字石渡一丁目
E9244753253,弘前市,大字石渡二丁目
E9244753261,弘前市,大字石渡三丁目
E9244753264,弘前市,大字石渡四丁目
E9244753255,弘前市,大字石渡五丁目
E9244729666,弘前市,大字泉野一丁目
E9244729663,弘前市,大字泉野二丁目
E9244737444,弘前市,大字泉野三丁目
E9244737445,弘前市,大字泉野四丁目
E9244737441,弘前市,大字泉野五丁目
E9244726,弘前市,大字一野渡
E924472994551,弘前市,大字一番町
E924472979,弘前市,大字一町田
E92447299642,弘前市,大字稲田一丁目
E9244729965,弘前市,大字稲田二丁目
E9244753388,弘前市,大字岩賀一丁目
E9244753387,弘前市,大字岩賀二丁目
E9244753379,弘前市,大字岩賀三丁目
E92447299546,弘前市,大字植田町
E9244729953,弘前市,大字駅前一丁目
E92447299529,弘前市,大字駅前二丁目
E92447299287,弘前市,大字駅前三丁目
E92447299297,弘前市,大字駅前町
E924472937,弘前市,大字狼森
E9244737487,弘前市,大字扇町一丁目
E9244737479,弘前市,大字扇町二丁目
E9244737475,弘前市,大字扇町三丁目
E9244729971,弘前市,大字大浦町
E924475359,弘前市,大字大川
E9244761144,弘前市,大字大久保
E924473712,弘前市,大字大沢
E92447374473,弘前市,大字大清水
E9244729693,弘前市,大字大清水一丁目
E92447374479,弘前市,大字大清水二丁目
E92447374477,弘前市,大字大清水三丁目
E9244729669,弘前市,大字大清水四丁目
E924472842,弘前市,大字大助
E92447296888,弘前市,大字大富町
E92447295591,弘前市,大字大原一丁目
E9244729554,弘前市,大字大原二丁目
E9244729543,弘前市,大字大原三丁目
E9244729557,弘前市,大字大開一丁目
E9244729546,弘前市,大字大開二丁目
E9244729549,弘前市,大字大開三丁目
E9244729548,弘前市,大字大開四丁目
E92447299292,弘前市,大字大町一丁目
E9244729925,弘前市,大字大町二丁目
E92447299281,弘前市,大字大町三丁目
E924475525,弘前市,大字大森
E924472931,弘前市,大字大和沢
E92447299461,弘前市,大字徒町
E92447299468,弘前市,大字徒町川端町
E92447299179,弘前市,大字桶屋町
E924475614,弘前市,大字小友
E92447529,弘前市,大字鬼沢
E9244729937,弘前市,大字表町
E92447299451,弘前市,大字親方町
E924475263,弘前市,大字折笠
E924475523,弘前市,大字貝沢
E9244729659,弘前市,大字学園町
E92447298625,弘前市,大字覚仙町
E92447299427,弘前市,大字鍛冶町
E9244729977,弘前市,大字春日町
E924475336,弘前市,大字堅田
E9244729995,弘前市,大字堅田一丁目
E92447299997,弘前市,大字堅田二丁目
E9244729992,弘前市,大字堅田三丁目
E92447299992,弘前市,大字堅田四丁目
E9244737777,弘前市,大字堅田五丁目
E9244737486,弘前市,大字門外
E9244737473,弘前市,大字門外一丁目
E9244737457,弘前市,大字門外二丁目
E924473746,弘前市,大字門外三丁目
E9244737454,弘前市,大字門外四丁目
E924472896,弘前市,大字兼平
E92447299512,弘前市,大字上瓦ケ町
E92447299458,弘前市,大字上鞘師町
E92447298655,弘前市,大字上白銀町
E924472859,弘前市,大字紙漉沢
E9244729915,弘前市,大字紙漉町
E92447299752,弘前市,大字亀甲町
E92447299549,弘前市,大字萱町
E9244737547,弘前市,大字川合
E9244729699,弘前市,大字川先一丁目
E92447374771,弘前市,大字川先二丁目
E9244729696,弘前市,大字川先三丁目
E9244729932,弘前市,大字川先四丁目
E92447298579,弘前市,大字河原町
E9244729911,弘前市,大字寒沢町
E9244753332,弘前市,大字神田一丁目
E9244753331,弘前市,大字神田二丁目
E9244753337,弘前市,大字神田三丁目
E9244753338,弘前市,大字神田四丁目
E9244753336,弘前市,大字神田五丁目
E9244729833,弘前市,大字桔梗野一丁目
E92447298329,弘前市,大字桔梗野二丁目
E92447298322,弘前市,大字桔梗野三丁目
E9244729598,弘前市,大字桔梗野四丁目
E9244729599,弘前市,大字桔梗野五丁目
E92447299423,弘前市,大字北川端町
E92447299518,弘前市,大字北瓦ケ町
E92447299174,弘前市,大字北新寺町
E9244729682,弘前市,大字北園一丁目
E9244729683,弘前市,大字北園二丁目
E924472995471,弘前市,大字北柳町
E92447299813,弘前市,大字北横町
E9244729596,弘前市,大字清富町
E9244729691,弘前市,大字清原一丁目
E9244729667,弘前市,大字清原二丁目
E92447296688,弘前市,大字清原三丁目
E92447296686,弘前市,大字清原四丁目
E9244729547,弘前市,大字金属町
E924475225,弘前市,大字葛原
E924472873,弘前市,大字国吉
E924472987,弘前市,大字熊嶋
E92447299724,弘前市,大字蔵主町
E9244728659,弘前市,大字黒滝
E9244728716,弘前市,大字黒土
E9244729926,弘前市,大字楮町
E924472857,弘前市,大字高野
E9244737317,弘前市,大字小金崎
E9244737318,弘前市,大字小金崎一丁目
E924472936,弘前市,大字小栗山
E92447292,弘前市,大字小沢
E9244729892,弘前市,大字五十石町
E9244728657,弘前市,大字五所
E9244729771,弘前市,大字五代
E92447299756,弘前市,大字小人町
E9244729847,弘前市,大字駒越
E92447298588,弘前市,大字駒越町
E9244729895,弘前市,大字紺屋町
E9244729838,弘前市,大字在府町
E9244737787,弘前市,大字境関
E9244737784,弘前市,大字境関一丁目
E924472854,弘前市,大字坂市
E92447298991,弘前市,大字栄町一丁目
E92447298999,弘前市,大字栄町二丁目
E92447533121,弘前市,大字栄町三丁目
E9244753311,弘前市,大字栄町四丁目
E92447291,弘前市,大字坂元
E92447299541,弘前市,大字坂本町
E9244729863,弘前市,大字相良町
E92447295554,弘前市,大字桜ケ丘一丁目
E9244729551,弘前市,大字桜ケ丘二丁目
E9244729552,弘前市,大字桜ケ丘三丁目
E92447295556,弘前市,大字桜ケ丘四丁目
E9244729556,弘前市,大字桜ケ丘五丁目
E9244728711,弘前市,大字桜庭
E9244729914,弘前市,大字桜林町
E924475564,弘前市,大字笹舘
E92447299731,弘前市,大字笹森町
E924472763,弘前市,大字沢田
E924475355,弘前市,大字三世寺
E92447299736,弘前市,大字山王町
E9244737476,弘前市,大字小比内
E9244737711,弘前市,大字小比内一丁目
E9244737712,弘前市,大字小比内二丁目
E9244737478,弘前市,大字小比内三丁目
E92447374775,弘前市,大字小比内四丁目
E9244737474,弘前市,大字小比内五丁目
E92447298653,弘前市,大字塩分町
E9244729826,弘前市,大字茂森新町一丁目
E92447298291,弘前市,大字茂森新町二丁目
E9244729824,弘前市,大字茂森新町三丁目
E9244729821,弘前市,大字茂森新町四丁目
E9244729861,弘前市,大字茂森町
E9244729924,弘前市,大字品川町
E9244729586,弘前市,大字清水一丁目
E9244729583,弘前市,大字清水二丁目
E9244729582,弘前市,大字清水三丁目
E9244729577,弘前市,大字清水富田
E924473741,弘前市,大字清水森
E92447299482,弘前市,大字下鞘師町
E9244729869,弘前市,大字下白銀町
E924472944,弘前市,大字下湯口
E9244729573,弘前市,大字自由ケ丘一丁目
E9244729576,弘前市,大字自由ケ丘二丁目
E9244729574,弘前市,大字自由ケ丘三丁目
E9244729587,弘前市,大字自由ケ丘四丁目
E924472949,弘前市,大字自由ケ丘五丁目
E9244729831,弘前市,大字樹木一丁目
E9244729823,弘前市,大字樹木二丁目
E9244729588,弘前市,大字樹木三丁目
E9244729589,弘前市,大字樹木四丁目
E9244729597,弘前市,大字樹木五丁目
E92447298582,弘前市,大字城西一丁目
E92447298575,弘前市,大字城西二丁目
E92447298544,弘前市,大字城西三丁目
E92447298546,弘前市,大字城西四丁目
E9244729856,弘前市,大字城西五丁目
E9244729938,弘前市,大字城東一丁目
E92447299394,弘前市,大字城東二丁目
E92447299358,弘前市,大字城東三丁目
E92447299356,弘前市,大字城東四丁目
E9244729933,弘前市,大字城東五丁目
E9244729966,弘前市,大字城東北一丁目
E92447299693,弘前市,大字城東北二丁目
E9244737747,弘前市,大字城東北三丁目
E9244737748,弘前市,大字城東北四丁目
E92447299624,弘前市,大字城東中央一丁目
E92447299626,弘前市,大字城東中央二丁目
E9244729963,弘前市,大字城東中央三丁目
E9244737741,弘前市,大字城東中央四丁目
E9244737742,弘前市,大字城東中央五丁目
E9244729648,弘前市,大字城南一丁目
E92447296478,弘前市,大字城南二丁目
E92447296473,弘前市,大字城南三丁目
E9244729569,弘前市,大字城南四丁目
E9244729568,弘前市,大字城南五丁目
E92447299425,弘前市,大字新鍛冶町
E9244729836,弘前市,大字新寺町
E9244729839,弘前市,大字新寺町新割町
E92447288,弘前市,大字新法師
E9244737749,弘前市,大字末広一丁目
E9244737746,弘前市,大字末広二丁目
E92447377541,弘前市,大字末広三丁目
E92447377574,弘前市,大字末広四丁目
E92447377814,弘前市,大字末広五丁目
E9244728698,弘前市,大字昴
E92447299195,弘前市,大字住吉町
E9244753391,弘前市,大字清野袋
E9244753354,弘前市,大字清野袋一丁目
E924475334,弘前市,大字清野袋二丁目
E9244753357,弘前市,大字清野袋三丁目
E9244753373,弘前市,大字清野袋四丁目
E9244753385,弘前市,大字清野袋五丁目
E92447282,弘前市,大字相馬
E92447299527,弘前市,大字代官町
E92447521,弘前市,大字高岡
E92447299686,弘前市,大字高崎一丁目
E92447299699,弘前市,大字高崎二丁目
E9244729867,弘前市,大字鷹匠町
E924475349,弘前市,大字高杉
E9244737726,弘前市,大字高田
E9244737719,弘前市,大字高田一丁目
E9244737727,弘前市,大字高田二丁目
E92447377521,弘前市,大字高田三丁目
E92447377523,弘前市,大字高田四丁目
E9244737725,弘前市,大字高田五丁目
E9244753123,弘前市,大字高屋
E92447299462,弘前市,大字田代町
E924472972,弘前市,大字龍ノ口
E924472876,弘前市,大字館後
E9244729566,弘前市,大字館野一丁目
E9244729565,弘前市,大字館野二丁目
E924475613,弘前市,大字種市
E92447299852,弘前市,大字田町一丁目
E92447299843,弘前市,大字田町二丁目
E92447299849,弘前市,大字田町三丁目
E92447299858,弘前市,大字田町四丁目
E9244729986,弘前市,大字田町五丁目
E92447299818,弘前市,大字田茂木町
E92447299674,弘前市,大字俵元一丁目
E9244729991,弘前市,大字俵元二丁目
E9244729624,弘前市,大字千年一丁目
E92447296214,弘前市,大字千年二丁目
E9244729622,弘前市,大字千年三丁目
E92447296212,弘前市,大字千年四丁目
E9244729958,弘前市,大字茶畑町
E9244753398,弘前市,大字津賀野
E924475321,弘前市,大字土堂
E924472994558,弘前市,大字鉄砲町
E92447377579,弘前市,大字田園一丁目
E92447377543,弘前市,大字田園二丁目
E9244737755,弘前市,大字田園三丁目
E92447377582,弘前市,大字田園四丁目
E92447377813,弘前市,大字田園五丁目
E92447532598,弘前市,大字藤内町
E92447299173,弘前市,大字銅屋町
E9244729815,弘前市,大字常盤坂一丁目
E9244729816,弘前市,大字常盤坂二丁目
E9244729814,弘前市,大字常盤坂三丁目
E9244729811,弘前市,大字常盤坂四丁目
E92447511,弘前市,大字常盤野
E92447299469,弘前市,大字徳田町
E924475461,弘前市,大字十腰内
E924475351,弘前市,大字独狐
E92447551,弘前市,大字十面沢
E92447299433,弘前市,大字土手町
E92447299399,弘前市,大字外崎一丁目
E92447377179,弘前市,大字外崎二丁目
E9244737718,弘前市,大字外崎三丁目
E92447377172,弘前市,大字外崎四丁目
E9244737714,弘前市,大字外崎五丁目
E9244753239,弘前市,大字外瀬一丁目
E9244753263,弘前市,大字外瀬二丁目
E924475318,弘前市,大字富栄
E92447299193,弘前市,大字富田一丁目
E9244729916,弘前市,大字富田二丁目
E9244729913,弘前市,大字富田三丁目
E92447296881,弘前市,大字富田町
E9244729687,弘前市,大字富野町
E9244737715,弘前市,大字豊田一丁目
E9244737713,弘前市,大字豊田二丁目
E9244737716,弘前市,大字豊田三丁目
E92447296818,弘前市,大字豊原一丁目
E92447296812,弘前市,大字豊原二丁目
E9244729697,弘前市,大字取上一丁目
E9244729686,弘前市,大字取上二丁目
E9244729694,弘前市,大字取上三丁目
E9244729695,弘前市,大字取上四丁目
E9244729692,弘前市,大字取上五丁目
E924472971,弘前市,大字鳥井野
E9244761119,弘前市,大字撫牛子
E92447611143,弘前市,大字撫牛子一丁目
E92447611147,弘前市,大字撫牛子二丁目
E9244761118,弘前市,大字撫牛子三丁目
E9244761142,弘前市,大字撫牛子四丁目
E9244761115,弘前市,大字撫牛子五丁目
E92447299514,弘前市,大字中瓦ケ町
E92447299723,弘前市,大字長坂町
E924475353,弘前市,大字中崎
E924472793,弘前市,大字中野
E9244729676,弘前市,大字中野一丁目
E9244729673,弘前市,大字中野二丁目
E9244729649,弘前市,大字中野三丁目
E9244729654,弘前市,大字中野四丁目
E92447296439,弘前市,大字中野五丁目
E924472792,弘前市,大字中畑
E924475264,弘前市,大字中別所
E924475375,弘前市,大字楢木
E92447299175,弘前市,大字南塘町
E924475229,弘前市,大字新岡
E924473773,弘前市,大字新里
E9244729677,弘前市,大字西ケ丘町
E92447299438,弘前市,大字西川岸町
E92447298531,弘前市,大字西茂森一丁目
E92447298294,弘前市,大字西茂森二丁目
E9244729978,弘前市,大字西城北一丁目
E92447533123,弘前市,大字西城北二丁目
E92447298832,弘前市,大字西大工町
E924473736,弘前市,大字乳井
E924472891,弘前市,大字如来瀬
E924475373,弘前市,大字糠坪
E92447299841,弘前市,大字祢宜町
E92447299823,弘前市,大字野田一丁目
E92447299821,弘前市,大字野田二丁目
E92447299749,弘前市,大字馬喰町
E92447299887,弘前市,大字八幡町一丁目
E92447299889,弘前市,大字八幡町二丁目
E9244729989,弘前市,大字八幡町三丁目
E924475314,弘前市,大字鼻和
E9244753238,弘前市,大字浜の町北一丁目
E9244753262,弘前市,大字浜の町北二丁目
E92447532312,弘前市,大字浜の町西一丁目
E92447532317,弘前市,大字浜の町西二丁目
E92447532269,弘前市,大字浜の町西三丁目
E9244753232,弘前市,大字浜の町東一丁目
E9244753234,弘前市,大字浜の町東二丁目
E9244753237,弘前市,大字浜の町東三丁目
E9244753233,弘前市,大字浜の町東四丁目
E9244753236,弘前市,大字浜の町東五丁目
E924472953,弘前市,大字原ケ平
E92447296193,弘前市,大字原ケ平一丁目
E9244729616,弘前市,大字原ケ平二丁目
E9244729613,弘前市,大字原ケ平三丁目
E9244729615,弘前市,大字原ケ平四丁目
E9244729612,弘前市,大字原ケ平五丁目
E924472765,弘前市,大字番館
E9244729976,弘前市,大字東城北一丁目
E9244729979,弘前市,大字東城北二丁目
E92447533131,弘前市,大字東城北三丁目
E9244729949,弘前市,大字東長町
E9244729959,弘前市,大字東和徳町
E9244729849,弘前市,大字樋の口一丁目
E9244729846,弘前市,大字樋の口二丁目
E9244729841,弘前市,大字樋の口町
E924475251,弘前市,大字百沢
E92447299467,弘前市,大字百石町
E92447299483,弘前市,大字百石町小路
E92447298834,弘前市,大字平岡町
E924472847,弘前市,大字平山
E9244729637,弘前市,大字広野一丁目
E9244729638,弘前市,大字広野二丁目
E9244737783,弘前市,大字福田
E9244737782,弘前市,大字福田一丁目
E92447377588,弘前市,大字福田二丁目
E92447377597,弘前市,大字福田三丁目
E9244737769,弘前市,大字福村
E9244737767,弘前市,大字福村一丁目
E9244729891,弘前市,大字袋町
E924472852,弘前市,大字藤沢
E9244753221,弘前市,大字藤代
E9244729884,弘前市,大字藤代一丁目
E9244729885,弘前市,大字藤代二丁目
E9244753222,弘前市,大字藤代三丁目
E9244753223,弘前市,大字藤代四丁目
E92447532261,弘前市,大字藤代五丁目
E9244753314,弘前市,大字藤野一丁目
E9244753317,弘前市,大字藤野二丁目
E92447296434,弘前市,大字富士見台一丁目
E92447296191,弘前市,大字富士見台二丁目
E9244729912,弘前市,大字富士見町
E9244753293,弘前市,大字船水
E9244753266,弘前市,大字船水一丁目
E9244753265,弘前市,大字船水二丁目
E9244753268,弘前市,大字船水三丁目
E9244729678,弘前市,大字文京町
E924475239,弘前市,大字細越
E924473751,弘前市,大字堀越
E92447299414,弘前市,大字本町
E924475354,弘前市,大字前坂
E924475316,弘前市,大字蒔苗
E924475361,弘前市,大字町田
E9244753291,弘前市,大字町田一丁目
E924475328,弘前市,大字町田二丁目
E9244753294,弘前市,大字町田三丁目
E92447299644,弘前市,大字松ケ枝一丁目
E9244729956,弘前市,大字松ケ枝二丁目
E92447299649,弘前市,大字松ケ枝三丁目
E92447299672,弘前市,大字松ケ枝四丁目
E92447299687,弘前市,大字松ケ枝五丁目
E924473714,弘前市,大字松木平
E924472976,弘前市,大字真土
E9244729651,弘前市,大字松原西一丁目
E92447296284,弘前市,大字松原西二丁目
E9244729626,弘前市,大字松原西三丁目
E9244729655,弘前市,大字松原東一丁目
E9244729652,弘前市,大字松原東二丁目
E92447296289,弘前市,大字松原東三丁目
E9244729629,弘前市,大字松原東四丁目
E9244729661,弘前市,大字松原東五丁目
E9244729922,弘前市,大字松森町
E9244729868,弘前市,大字馬屋町
E92447283,弘前市,大字水木在家
E9244729657,弘前市,大字三岳町
E9244729594,弘前市,大字緑ケ丘一丁目
E9244729591,弘前市,大字緑ケ丘二丁目
E92447295599,弘前市,大字緑ケ丘三丁目
E92447299542,弘前市,大字緑町
E9244729934,弘前市,大字南大町一丁目
E9244729923,弘前市,大字南大町二丁目
E92447299185,弘前市,大字南川端町
E92447299436,弘前市,大字南瓦ケ町
E9244729855,弘前市,大字南城西一丁目
E92447298537,弘前市,大字南城西二丁目
E9244729685,弘前市,大字南富田町
E9244729864,弘前市,大字南袋町
E92447299466,弘前市,大字南柳町
E924472995473,弘前市,大字南横町
E9244729671,弘前市,大字稔町
E9244729983,弘前市,大字宮川一丁目
E9244729994,弘前市,大字宮川二丁目
E9244729997,弘前市,大字宮川三丁目
E924475232,弘前市,大字宮地
E92447299847,弘前市,大字宮園一丁目
E9244729987,弘前市,大字宮園二丁目
E9244753321,弘前市,大字宮園三丁目
E9244753322,弘前市,大字宮園四丁目
E92447533139,弘前市,大字宮園五丁目
E924475342,弘前市,大字宮舘
E9244729921,弘前市,大字御幸町
E924475562,弘前市,大字三和
E9244753356,弘前市,大字向外瀬
E9244753315,弘前市,大字向外瀬一丁目
E9244753316,弘前市,大字向外瀬二丁目
E9244753324,弘前市,大字向外瀬三丁目
E9244753319,弘前市,大字向外瀬四丁目
E9244753327,弘前市,大字向外瀬五丁目
E92447299417,弘前市,大字元大工町
E92447299481,弘前市,大字元寺町
E92447299485,弘前市,大字元寺町小路
E9244729944,弘前市,大字元長町
E924475324,弘前市,大字元薬師堂
E924476117,弘前市,大字百田
E92447298629,弘前市,大字森町
E92447381,弘前市,大字薬師堂
E92447532592,弘前市,大字八代町
E9244729665,弘前市,大字安原一丁目
E92447296645,弘前市,大字安原二丁目
E92447296643,弘前市,大字安原三丁目
E9244753318,弘前市,大字萢中
E9244729645,弘前市,大字山崎一丁目
E9244729644,弘前市,大字山崎二丁目
E9244729563,弘前市,大字山崎三丁目
E9244729641,弘前市,大字山崎四丁目
E9244729642,弘前市,大字山崎五丁目
E92447299463,弘前市,大字山下町
E92447299432,弘前市,大字山道町
E924475255,弘前市,大字弥生
E924475311,弘前市,大字八幡
E9244728693,弘前市,大字湯口
E924475313,弘前市,大字横町
E924472848,弘前市,大字吉川
E9244753121,弘前市,大字賀田
E92447297798,弘前市,大字賀田一丁目
E92447297792,弘前市,大字賀田二丁目
E92447299186,弘前市,大字吉野町
E924472766,弘前市,大字米ケ袋
E9244729993,弘前市,大字和泉一丁目
E9244737774,弘前市,大字和泉二丁目
E92447299744,弘前市,大字若党町
E9244729585,弘前市,大字若葉一丁目
E9244729581,弘前市,大字若葉二丁目
E92447377593,弘前市,大字早稲田一丁目
E9244737756,弘前市,大字早稲田二丁目
E9244737753,弘前市,大字早稲田三丁目
E9244737765,弘前市,大字早稲田四丁目
E9244729886,弘前市,大字和田町
E92447299812,弘前市,大字和徳町
E9244914811,八戸市,青葉一丁目
E92449148163,八戸市,青葉二丁目
E92449148131,八戸市,青葉三丁目
E9244914569,八戸市,旭ケ丘一丁目
E9244914568,八戸市,旭ケ丘二丁目
E9244914593,八戸市,旭ケ丘三丁目
E924491464,八戸市,旭ケ丘四丁目
E9244914566,八戸市,旭ケ丘五丁目
E9244836995,八戸市,石堂一丁目
E9244836991,八戸市,石堂二丁目
E9244836993,八戸市,石堂三丁目
E9244836999,八戸市,石堂四丁目
E92448368134,八戸市,一番町一丁目
E92448368133,八戸市,一番町二丁目
E924483657,八戸市,一番町三丁目
E9244914719,八戸市,内丸一丁目
E9244914727,八戸市,内丸二丁目
E92449147248,八戸市,内丸三丁目
E9244836932,八戸市,売市一丁目
E9244836931,八戸市,売市二丁目
E9244836926,八戸市,売市三丁目
E9244836934,八戸市,売市四丁目
E92449144787,八戸市,大字荒町
E924491443,八戸市,大字石手洗
E9244914747,八戸市,大字石堂
E924483955,八戸市,大字市川町
E9244914711,八戸市,大字稲荷町
E92449147224,八戸市,大字岩泉町
E9244914715,八戸市,大字売市
E924483618,八戸市,大字上野
E924491547,八戸市,大字大久保
E92449144873,八戸市,大字鍛冶町
E92449147124,八戸市,大字徒士町
E92449153,八戸市,大字金浜
E92449144773,八戸市,大字上徒士町
E9244914474,八戸市,大字上組町
E924483627,八戸市,大字櫛引
E92449147246,八戸市,大字窪町
E92449117,八戸市,大字是川
E9244836293,八戸市,大字坂牛
E924491573,八戸市,大字鮫町
E924483666,八戸市,大字沢里
E92449147228,八戸市,大字十一日町
E92449147135,八戸市,大字十三日町
E9244914725,八戸市,大字十八日町
E92449147133,八戸市,大字十六日町
E92449147249,八戸市,大字常海町
E92449144781,八戸市,大字常番町
E92448367,八戸市,大字尻内町
E9244914942,八戸市,大字白銀町
E92449144775,八戸市,大字新荒町
E92449144878,八戸市,大字大工町
E92449147212,八戸市,大字鷹匠小路
E9244914465,八戸市,大字田向
E924483656,八戸市,大字田面木
E92449147219,八戸市,大字朔日町
E92449147129,八戸市,大字堤町
E92449147211,八戸市,大字寺横町
E92449142,八戸市,大字十日市
E92449144799,八戸市,大字鳥屋部町
E92448359,八戸市,大字豊崎町
E9244914464,八戸市,大字中居林
E9244836863,八戸市,大字長苗代
E92449147213,八戸市,大字長横町
E9244914671,八戸市,大字新井田
E92449147123,八戸市,大字廿三日町
E92449144797,八戸市,大字廿六日町
E924491444,八戸市,大字糠塚
E9244914788,八戸市,大字沼館
E924483667,八戸市,大字根城
E92449147161,八戸市,大字馬場町
E92449147163,八戸市,大字番町
E92449147244,八戸市,大字堀端町
E92449144785,八戸市,大字町組町
E924491434,八戸市,大字松館
E92449147217,八戸市,大字三日町
E9244914861,八戸市,大字湊町
E924491543,八戸市,大字美保野
E924491462,八戸市,大字妙
E92449147214,八戸市,大字六日町
E92449144794,八戸市,大字本鍛冶町
E92449147125,八戸市,大字本徒士町
E92449144872,八戸市,大字山伏小路
E924483655,八戸市,大字八幡
E92449147242,八戸市,大字八日町
E92449147226,八戸市,大字類家
E9244836869,八戸市,卸センター一丁目
E9244836866,八戸市,卸センター二丁目
E9244914728,八戸市,柏崎一丁目
E9244914726,八戸市,柏崎二丁目
E9244914734,八戸市,柏崎三丁目
E9244914737,八戸市,柏崎四丁目
E9244914762,八戸市,柏崎五丁目
E9244914738,八戸市,柏崎六丁目
E9244836989,八戸市,河原木
E924483965,八戸市,桔梗野工業団地一丁目
E924483961,八戸市,桔梗野工業団地二丁目
E924483964,八戸市,桔梗野工業団地三丁目
E9244839243,八戸市,北インター工業団地一丁目
E9244839241,八戸市,北インター工業団地二丁目
E92448391,八戸市,北インター工業団地三丁目
E9244839274,八戸市,北インター工業団地四丁目
E9244839272,八戸市,北インター工業団地五丁目
E9244839249,八戸市,北インター工業団地六丁目
E924483665,八戸市,北白山台一丁目
E9244836646,八戸市,北白山台二丁目
E9244836627,八戸市,北白山台三丁目
E9244836643,八戸市,北白山台四丁目
E9244836616,八戸市,北白山台五丁目
E9244836615,八戸市,北白山台六丁目
E9244914761,八戸市,江陽一丁目
E9244914764,八戸市,江陽二丁目
E924491479,八戸市,江陽三丁目
E924491487,八戸市,江陽四丁目
E9244914844,八戸市,江陽五丁目
E9244914763,八戸市,小中野一丁目
E9244914739,八戸市,小中野二丁目
E9244914818,八戸市,小中野三丁目
E9244914841,八戸市,小中野四丁目
E9244914845,八戸市,小中野五丁目
E9244914843,八戸市,小中野六丁目
E9244914854,八戸市,小中野七丁目
E9244914857,八戸市,小中野八丁目
E9244914156,八戸市,是川一丁目
E9244914155,八戸市,是川二丁目
E9244914159,八戸市,是川三丁目
E9244914167,八戸市,是川四丁目
E9244914165,八戸市,是川五丁目
E9244914673,八戸市,桜ケ丘一丁目
E92449146571,八戸市,桜ケ丘二丁目
E92449146576,八戸市,桜ケ丘三丁目
E9244914659,八戸市,桜ケ丘四丁目
E9244836986,八戸市,下長一丁目
E9244836997,八戸市,下長二丁目
E9244914777,八戸市,下長六丁目
E9244914778,八戸市,下長七丁目
E9244917112,八戸市,下長八丁目
E9244914948,八戸市,白銀一丁目
E9244914949,八戸市,白銀二丁目
E9244914946,八戸市,白銀三丁目
E9244914955,八戸市,白銀四丁目
E9244914958,八戸市,白銀五丁目
E924491492,八戸市,白銀台一丁目
E92449149387,八戸市,白銀台二丁目
E92449149381,八戸市,白銀台三丁目
E92449149394,八戸市,白銀台四丁目
E924491496,八戸市,白銀台五丁目
E92449149399,八戸市,白銀台六丁目
E92449149392,八戸市,白銀台七丁目
E9244914751,八戸市,城下一丁目
E9244914741,八戸市,城下二丁目
E9244914745,八戸市,城下三丁目
E9244914755,八戸市,城下四丁目
E9244914883,八戸市,新湊一丁目
E9244914867,八戸市,新湊二丁目
E9244914886,八戸市,新湊三丁目
E9244914851,八戸市,諏訪一丁目
E92449148166,八戸市,諏訪二丁目
E92449148134,八戸市,諏訪三丁目
E92448393339,八戸市,高州一丁目
E92448395853,八戸市,多賀台一丁目
E92448395855,八戸市,多賀台二丁目
E92448395883,八戸市,多賀台三丁目
E92448395889,八戸市,多賀台四丁目
E9244914973,八戸市,築港街一丁目
E924491498,八戸市,築港街二丁目
E9244914976,八戸市,築港街第一ふ頭
E9244914476,八戸市,長者一丁目
E9244914481,八戸市,長者二丁目
E9244914472,八戸市,長者三丁目
E9244914471,八戸市,長者四丁目
E92449172,八戸市,豊洲
E9244836952,八戸市,長苗代一丁目
E9244836958,八戸市,長苗代二丁目
E9244836967,八戸市,長苗代三丁目
E9244836964,八戸市,長苗代四丁目
E9244836936,八戸市,長根一丁目
E9244836938,八戸市,長根二丁目
E924483383,八戸市,南郷大字泥障作
E92448323,八戸市,南郷大字泉清水
E92448335,八戸市,南郷大字市野沢
E92448331,八戸市,南郷大字大森
E92448339,八戸市,南郷大字頃巻沢
E92449111,八戸市,南郷大字島守
E92448334,八戸市,南郷大字中野
E9244914584,八戸市,新井田西一丁目
E9244914581,八戸市,新井田西二丁目
E9244914549,八戸市,新井田西三丁目
E9244914573,八戸市,新井田西四丁目
E9244836533,八戸市,西白山台一丁目
E9244836532,八戸市,西白山台二丁目
E9244836378,八戸市,西白山台三丁目
E9244836377,八戸市,西白山台四丁目
E9244836372,八戸市,西白山台五丁目
E9244836296,八戸市,西白山台六丁目
E9244914758,八戸市,沼館一丁目
E9244914772,八戸市,沼館二丁目
E9244914776,八戸市,沼館三丁目
E9244914786,八戸市,沼館四丁目
E9244836696,八戸市,根城一丁目
E9244836693,八戸市,根城二丁目
E9244836694,八戸市,根城三丁目
E9244836698,八戸市,根城四丁目
E9244836688,八戸市,根城五丁目
E9244836686,八戸市,根城六丁目
E9244836685,八戸市,根城七丁目
E9244836687,八戸市,根城八丁目
E9244836922,八戸市,根城九丁目
E9244917121,八戸市,八太郎一丁目
E92449171162,八戸市,八太郎二丁目
E9244917128,八戸市,八太郎五丁目
E9244917129,八戸市,八太郎六丁目
E9244836628,八戸市,東白山台一丁目
E9244836629,八戸市,東白山台二丁目
E9244836624,八戸市,東白山台三丁目
E9244836623,八戸市,東白山台四丁目
E9244914489,八戸市,吹上一丁目
E9244914491,八戸市,吹上二丁目
E9244914482,八戸市,吹上三丁目
E9244914458,八戸市,吹上四丁目
E9244914459,八戸市,吹上五丁目
E9244914455,八戸市,吹上六丁目
E924483926,八戸市,松ケ丘
E92449157411,八戸市,岬台一丁目
E9244915742,八戸市,岬台二丁目
E924491571,八戸市,岬台三丁目
E92449157418,八戸市,岬台四丁目
E9244914599,八戸市,湊高台一丁目
E9244914674,八戸市,湊高台二丁目
E9244914679,八戸市,湊高台三丁目
E9244914912,八戸市,湊高台四丁目
E924491483,八戸市,湊高台五丁目
E9244914914,八戸市,湊高台六丁目
E9244914687,八戸市,湊高台七丁目
E9244914684,八戸市,湊高台八丁目
E9244836387,八戸市,南白山台一丁目
E9244836379,八戸市,南白山台二丁目
E9244836384,八戸市,南白山台三丁目
E9244914495,八戸市,南類家一丁目
E9244914493,八戸市,南類家二丁目
E9244914574,八戸市,南類家三丁目
E92449145716,八戸市,南類家四丁目
E92449145711,八戸市,南類家五丁目
E9244914731,八戸市,類家一丁目
E9244914497,八戸市,類家二丁目
E9244914732,八戸市,類家三丁目
E9244914499,八戸市,類家四丁目
E9244914578,八戸市,類家五丁目
E92449171168,八戸市,八太郎三丁目
E9244917118,八戸市,八太郎四丁目
E9244917114,八戸市,高州二丁目
E9244917117,八戸市,日計五丁目
E92448393337,八戸市,下長五丁目
E9244839339,八戸市,日計四丁目
E9244839338,八戸市,日計三丁目
E9244839337,八戸市,日計二丁目
E9244839332,八戸市,下長四丁目
E9244839323,八戸市,下長三丁目
E9244839325,八戸市,小田二丁目
E924483936,八戸市,大字河原木
E9244839335,八戸市,日計一丁目
E9244839326,八戸市,小田一丁目
E9244836963,八戸市,長根四丁目
E9244836939,八戸市,長根三丁目
E9244914469,八戸市,田向一丁目
E92449145447,八戸市,田向二丁目
E92449145443,八戸市,田向三丁目
E9244914463,八戸市,田向四丁目
E9244914542,八戸市,田向五丁目
E9244762469,黒石市,相野
E9244762519,黒石市,青山
E9244762542,黒石市,あけぼの町
E92447624361,黒石市,旭町
E92447621998,黒石市,東町
E92447624323,黒石市,泉町
E9244762426,黒石市,一番町
E92447624387,黒石市,岩木町
E92447621976,黒石市,浦町一丁目
E92447624321,黒石市,浦町二丁目
E9244762579,黒石市,大字赤坂
E924473889,黒石市,大字浅瀬石
E92447624236,黒石市,大字油横丁
E924476223,黒石市,大字石名坂
E92447398,黒石市,大字板留
E92447621893,黒石市,大字市ノ町
E92447621891,黒石市,大字内町
E92447624224,黒石市,大字大板町
E92448412,黒石市,大字大川原
E92447392,黒石市,大字沖浦
E92447622721,黒石市,大字追子野木
E92447621888,黒石市,大字乙大工町
E924476242359,黒石市,大字乙徳兵衛町
E924476261,黒石市,大字上十川
E9244762572,黒石市,大字上目内澤
E924473977,黒石市,大字上山形
E92447621897,黒石市,大字上町
E9244762483,黒石市,大字北田中
E9244762454,黒石市,大字株梗木
E92447624318,黒石市,大字株梗木横丁
E924476244,黒石市,大字黒石
E924476222,黒石市,大字高賀野
E92447624311,黒石市,大字甲徳兵衛町
E9244762735,黒石市,大字小屋敷
E9244762729,黒石市,小屋敷西
E9244762731,黒石市,小屋敷南
E924476166,黒石市,大字境松
E9244762732,黒石市,大字下目内澤
E92447389,黒石市,大字下山形
E924476268,黒石市,大字高舘
E924476285,黒石市,大字竹鼻
E9244762482,黒石市,田中
E924476237,黒石市,田山平
E924476242354,黒石市,大字寺小路
E9244762738,黒石市,大字飛内
E9244762756,黒石市,飛内北
E9244762499,黒石市,富田
E924476235,黒石市,大字豊岡
E924476215,黒石市,大字中川
E92447624313,黒石市,大字中町
E9244762716,黒石市,大字西馬場尻
E92447395,黒石市,大字二庄内
E924476276,黒石市,大字二双子
E924473978,黒石市,大字温湯
E924476233,黒石市,大字花巻
E92447624351,黒石市,大字浜町
E924476252,黒石市,大字東野添
E9244762725,黒石市,大字東馬場尻
E92447394,黒石市,大字袋
E924476229,黒石市,大字牡丹平
E92447621972,黒石市,大字前町
E924476258,黒石市,大字三島
E92447632,黒石市,大字南中野
E92447624212,黒石市,大字元町
E92447621964,黒石市,大字山形町
E92447621977,黒石市,大字横町
E92447624225,黒石市,大町一丁目
E92447624253,黒石市,大町二丁目
E9244762183,黒石市,追子野木一丁目
E924476217,黒石市,追子野木二丁目
E924476214,黒石市,追子野木三丁目
E9244762278,黒石市,角田
E92447621982,黒石市,鍛治町
E92447625111,黒石市,春日町
E9244762463,黒石市,北美町一丁目
E9244762541,黒石市,北美町二丁目
E92447624653,黒石市,北美町三丁目
E92447621985,黒石市,京町
E92447624343,黒石市,ぐみの木一丁目
E92447624357,黒石市,ぐみの木二丁目
E92447624347,黒石市,ぐみの木三丁目
E9244762473,黒石市,ぐみの木北
E92447624211,黒石市,黒石
E92447624368,黒石市,寿町
E92447621969,黒石市,幸町
E9244762412,黒石市,境松一丁目
E9244762414,黒石市,境松二丁目
E924476163,黒石市,境松三丁目
E92447622743,黒石市,柵ノ木一丁目
E92447622726,黒石市,柵ノ木二丁目
E9244762273,黒石市,柵ノ木三丁目
E9244762276,黒石市,柵ノ木四丁目
E92447624298,黒石市,作場町
E92447622749,黒石市,桜木町
E9244762462,黒石市,昭和町
E9244762456,黒石市,末広
E9244762437,黒石市,住吉町
E924476255,黒石市,竹田町
E9244762191,黒石市,ちとせ一丁目
E9244762195,黒石市,ちとせ二丁目
E9244762192,黒石市,ちとせ三丁目
E9244762193,黒石市,長崎一丁目
E9244762271,黒石市,長崎二丁目
E9244762424,黒石市,西ケ丘
E9244762433,黒石市,錦町
E92447624651,黒石市,野際一丁目
E92447624652,黒石市,野際二丁目
E9244762468,黒石市,野際三丁目
E9244762517,黒石市,野添町
E9244762513,黒石市,八甲
E92447624363,黒石市,花園町
E9244762754,黒石市,馬場尻北
E924476274,黒石市,馬場尻下
E9244762714,黒石市,馬場尻西
E9244762726,黒石市,馬場尻東
E9244762479,黒石市,馬場尻南
E92447621967,黒石市,東新町一丁目
E92447622744,黒石市,東新町二丁目
E9244762186,黒石市,袋井一丁目
E92447621882,黒石市,袋井二丁目
E9244762187,黒石市,袋井三丁目
E9244762496,黒石市,富士見
E92447624389,黒石市,松葉町
E9244762544,黒石市,松原
E92447624359,黒石市,道北町
E9244762491,黒石市,緑ケ丘
E92447624254,黒石市,緑町一丁目
E92447624259,黒石市,緑町二丁目
E92447624291,黒石市,緑町三丁目
E9244762428,黒石市,緑町四丁目
E92447625116,黒石市,美原町
E92447621992,黒石市,弥生町
E9244762461,黒石市,吉乃町
E92447624326,黒石市,若葉町
E92447621884,黒石市,大字甲大工町
E92447885,五所川原市,相内
E92447595135,五所川原市,字旭町
E92447592798,五所川原市,字東町
E92447595144,五所川原市,字幾島町
E9244759551,五所川原市,字幾世森
E92447592775,五所川原市,字岩木町
E9244759247,五所川原市,字不魚住
E92447595131,五所川原市,字大町
E92447595119,五所川原市,字柏原町
E9244759284,五所川原市,字鎌谷町
E9244759512,五所川原市,字上平井町
E9244759285,五所川原市,字烏森
E92447592779,五所川原市,字川端町
E9244759248,五所川原市,字栄町
E9244759516,五所川原市,字敷島町
E9244759527,五所川原市,字下平井町
E92447592783,五所川原市,字新町
E924475943,五所川原市,字新宮町
E92447595148,五所川原市,字末広町
E92447594628,五所川原市,字蘇鉄
E9244759273,五所川原市,字田町
E92447595116,五所川原市,字寺町
E9244759515,五所川原市,字中平井町
E92447595117,五所川原市,字錦町
E92447592794,五所川原市,字布屋町
E92447594625,五所川原市,字芭蕉
E92447592721,五所川原市,字蓮沼
E9244759522,五所川原市,字一ツ谷
E9244759524,五所川原市,字雛田
E92447592788,五所川原市,字本町
E92447592727,五所川原市,字元町
E92447592781,五所川原市,字柳町
E92447592792,五所川原市,字弥生町
E92447884,五所川原市,磯松
E924475699,五所川原市,大字浅井
E92447678,五所川原市,大字飯詰
E9244759291,五所川原市,大字石岡
E924475964,五所川原市,大字一野坪
E924475934,五所川原市,大字稲実
E924475921,五所川原市,大字姥萢
E924475694,五所川原市,大字梅田
E924475953,五所川原市,大字漆川
E924475983,五所川原市,大字沖飯詰
E924475963,五所川原市,大字金山
E924476724,五所川原市,大字神山
E924475926,五所川原市,大字唐笠柳
E924475976,五所川原市,大字川山
E924476454,五所川原市,大字高野
E924475918,五所川原市,大字小曲
E924475984,五所川原市,大字桜田
E924475992,五所川原市,大字下岩崎
E9244759466,五所川原市,大字新宮
E924475971,五所川原市,大字高瀬
E924475948,五所川原市,大字田川
E9244759558,五所川原市,大字太刀打
E924475973,五所川原市,大字種井
E924476476,五所川原市,大字俵元
E924478313,五所川原市,大字鶴ケ岡
E924476755,五所川原市,大字戸沢
E924476479,五所川原市,大字豊成
E924476471,五所川原市,大字中泉
E924478322,五所川原市,大字長富
E924475957,五所川原市,大字長橋
E924475698,五所川原市,大字七ツ館
E924476721,五所川原市,大字野里
E924476481,五所川原市,大字羽野木沢
E924476488,五所川原市,大字原子
E924475998,五所川原市,大字毘沙門
E924475697,五所川原市,大字広田
E9244759296,五所川原市,大字吹畑
E924476474,五所川原市,大字福山
E92447673,五所川原市,大字前田野目
E924476752,五所川原市,大字松野木
E924475933,五所川原市,大字水野尾
E9244759241,五所川原市,大字湊
E924478314,五所川原市,大字藻川
E924476458,五所川原市,大字持子沢
E924475937,五所川原市,大字米田
E92447886,五所川原市,太田
E9244791,五所川原市,金木町
E924478326,五所川原市,金木町嘉瀬
E924478383,五所川原市,金木町川倉
E924478347,五所川原市,金木町神原
E92447836,五所川原市,金木町喜良市
E92447833,五所川原市,金木町中柏木
E924478381,五所川原市,金木町藤枝
E924478348,五所川原市,金木町蒔田
E9244759281,五所川原市,中央一丁目
E9244759257,五所川原市,中央二丁目
E9244759254,五所川原市,中央三丁目
E9244759258,五所川原市,中央四丁目
E92447592518,五所川原市,中央五丁目
E92447592512,五所川原市,中央六丁目
E9244759286,五所川原市,松島町一丁目
E92447592971,五所川原市,松島町二丁目
E92447592974,五所川原市,松島町三丁目
E92447592988,五所川原市,松島町四丁目
E9244759299,五所川原市,松島町五丁目
E92447592985,五所川原市,松島町六丁目
E92447592981,五所川原市,松島町七丁目
E9244759295,五所川原市,松島町八丁目
E92447592266,五所川原市,みどり町一丁目
E9244759225,五所川原市,みどり町二丁目
E92447592261,五所川原市,みどり町三丁目
E9244759223,五所川原市,みどり町四丁目
E9244759231,五所川原市,みどり町五丁目
E9244759232,五所川原市,みどり町六丁目
E9244756897,五所川原市,みどり町七丁目
E9244756899,五所川原市,みどり町八丁目
E9244759518,五所川原市,若葉一丁目
E9244759517,五所川原市,若葉二丁目
E924475954,五所川原市,若葉三丁目
E9244787,五所川原市,脇元
E9244784,五所川原市,十三
E9244853364,十和田市,一本木沢一丁目
E9244853367,十和田市,一本木沢二丁目
E9244829978,十和田市,稲生町
E924482981,十和田市,大字赤沼
E92448535,十和田市,大字馬洗場
E924486113,十和田市,大字相坂
E924485386,十和田市,大字大沢田
E92448291,十和田市,大字大不動
E9244827,十和田市,大字奥瀬
E92448283,十和田市,大字切田
E92448286,十和田市,大字沢田
E924486112,十和田市,大字三本木
E92448268,十和田市,大字滝沢
E92448539,十和田市,大字立崎
E92448375,十和田市,大字伝法寺
E92448617,十和田市,大字豊ケ岡
E92448614,十和田市,大字八斗沢
E92448531,十和田市,大字深持
E92448374,十和田市,大字藤島
E92448287,十和田市,大字法量
E92448536,十和田市,大字洞内
E92448292,十和田市,大字米田
E9244829897,十和田市,西十一番町
E9244829895,十和田市,西十二番町
E9244829893,十和田市,西十三番町
E9244829944,十和田市,西十四番町
E9244829942,十和田市,西十五番町
E924482991,十和田市,西十六番町
E9244853233,十和田市,西一番町
E9244829887,十和田市,西二十一番町
E9244829882,十和田市,西二十二番町
E924482986,十和田市,西二十三番町
E9244829977,十和田市,西二番町
E9244829972,十和田市,西三番町
E9244829949,十和田市,西四番町
E9244829954,十和田市,西五番町
E9244829952,十和田市,西六番町
E9244853328,十和田市,東十一番町
E9244853326,十和田市,東十二番町
E9244853331,十和田市,東十三番町
E9244829994,十和田市,東十四番町
E9244829992,十和田市,東十五番町
E9244829966,十和田市,東十六番町
E9244853316,十和田市,東一番町
E92448533387,十和田市,東二十一番町
E92448533382,十和田市,東二十二番町
E9244861114,十和田市,東二十三番町
E9244861112,十和田市,東二十四番町
E9244853313,十和田市,東二番町
E9244829988,十和田市,東三番町
E9244829982,十和田市,東四番町
E9244829959,十和田市,東五番町
E9244829964,十和田市,東六番町
E9244853352,十和田市,ひがしの一丁目
E9244853353,十和田市,ひがしの二丁目
E9244829955,十和田市,穂並町
E9244853236,十和田市,元町西一丁目
E92448532383,十和田市,元町西二丁目
E92448532389,十和田市,元町西三丁目
E92448532343,十和田市,元町西四丁目
E92448532347,十和田市,元町西五丁目
E924485322,十和田市,元町西六丁目
E9244853315,十和田市,元町東一丁目
E9244853341,十和田市,元町東二丁目
E9244853319,十和田市,元町東三丁目
E9244853342,十和田市,元町東四丁目
E9244853351,十和田市,元町東五丁目
E924486594,三沢市,朝日一丁目
E924486586,三沢市,朝日二丁目
E9244862584,三沢市,字古間木山
E924486268,三沢市,泉町一丁目
E9244862673,三沢市,泉町二丁目
E92448661619,三沢市,五川目一丁目
E92448661614,三沢市,五川目二丁目
E924486619,三沢市,五川目三丁目
E9244866183,三沢市,五川目四丁目
E92448689,三沢市,大字天ケ森
E9244862739,三沢市,大字犬落瀬
E92448651,三沢市,大字大浦
E924486598,三沢市,大字三沢
E9244863729,三沢市,大津一丁目
E924486373,三沢市,大津二丁目
E924486375,三沢市,大津三丁目
E9244863761,三沢市,大津四丁目
E9244862828,三沢市,大町一丁目
E92448628268,三沢市,大町二丁目
E92448628261,三沢市,大町三丁目
E92448629479,三沢市,岡三沢一丁目
E9244862948,三沢市,岡三沢二丁目
E92448629473,三沢市,岡三沢三丁目
E9244862973,三沢市,岡三沢四丁目
E9244862976,三沢市,岡三沢五丁目
E92448629758,三沢市,岡三沢六丁目
E92448629751,三沢市,岡三沢七丁目
E9244862896,三沢市,岡三沢八丁目
E9244869117,三沢市,織笠一丁目
E9244869114,三沢市,織笠二丁目
E924486914,三沢市,織笠三丁目
E9244868363,三沢市,織笠四丁目
E9244862575,三沢市,春日台一丁目
E9244862574,三沢市,春日台二丁目
E9244862495,三沢市,春日台三丁目
E9244862819,三沢市,上久保一丁目
E92448628182,三沢市,上久保二丁目
E92448628188,三沢市,上久保三丁目
E9244862842,三沢市,上久保四丁目
E924486825,三沢市,越下一丁目
E9244862865,三沢市,幸町一丁目
E9244862941,三沢市,幸町二丁目
E9244862866,三沢市,幸町三丁目
E9244862823,三沢市,栄町一丁目
E92448628321,三沢市,栄町二丁目
E92448625977,三沢市,栄町三丁目
E9244862863,三沢市,桜町一丁目
E9244862838,三沢市,桜町二丁目
E9244862917,三沢市,桜町三丁目
E9244866189,三沢市,淋代一丁目
E9244866188,三沢市,淋代二丁目
E9244866426,三沢市,淋代三丁目
E9244866424,三沢市,淋代四丁目
E9244866452,三沢市,淋代五丁目
E9244866451,三沢市,淋代六丁目
E92448683699,三沢市,塩釜一丁目
E92448683694,三沢市,塩釜二丁目
E924486917,三沢市,塩釜三丁目
E924486839,三沢市,塩釜四丁目
E9244863841,三沢市,鹿中一丁目
E9244863763,三沢市,鹿中二丁目
E9244863847,三沢市,鹿中三丁目
E9244863769,三沢市,鹿中四丁目
E92448629491,三沢市,下久保一丁目
E9244862957,三沢市,下久保二丁目
E92448629499,三沢市,下久保三丁目
E92448628217,三沢市,新町二丁目
E9244862824,三沢市,新町三丁目
E9244862816,三沢市,新町四丁目
E924486833,三沢市,新森一丁目
E924486832,三沢市,新森二丁目
E924486866,三沢市,砂森一丁目
E924486869,三沢市,砂森二丁目
E9244865893,三沢市,高野沢一丁目
E9244865892,三沢市,高野沢二丁目
E92448628625,三沢市,中央町一丁目
E92448628627,三沢市,中央町二丁目
E9244862829,三沢市,中央町三丁目
E9244862837,三沢市,中央町四丁目
E92448625971,三沢市,千代田町一丁目
E92448625868,三沢市,千代田町二丁目
E92448625867,三沢市,千代田町三丁目
E92448625864,三沢市,千代田町四丁目
E92448625837,三沢市,千代田町五丁目
E9244868268,三沢市,富崎一丁目
E9244868267,三沢市,富崎二丁目
E9244865915,三沢市,根井一丁目
E9244865914,三沢市,根井二丁目
E9244862853,三沢市,花園町一丁目
E92448628523,三沢市,花園町二丁目
E92448628524,三沢市,花園町三丁目
E9244862827,三沢市,花園町四丁目
E9244862843,三沢市,花園町五丁目
E92448629827,三沢市,東岡三沢一丁目
E92448629822,三沢市,東岡三沢二丁目
E9244862959,三沢市,東岡三沢三丁目
E92448629149,三沢市,東町一丁目
E92448629143,三沢市,東町二丁目
E9244862915,三沢市,東町三丁目
E9244862916,三沢市,東町四丁目
E9244862921,三沢市,日の出一丁目
E9244862913,三沢市,日の出二丁目
E92448629226,三沢市,日の出三丁目
E92448629228,三沢市,日の出四丁目
E9244862869,三沢市,平畑一丁目
E9244862893,三沢市,平畑二丁目
E92448629361,三沢市,深谷一丁目
E9244862931,三沢市,深谷二丁目
E9244862934,三沢市,深谷三丁目
E9244862499,三沢市,古間木一丁目
E9244862498,三沢市,古間木二丁目
E9244862736,三沢市,古間木三丁目
E9244862738,三沢市,古間木四丁目
E924486672,三沢市,細谷一丁目
E9244866713,三沢市,細谷二丁目
E92448667163,三沢市,細谷三丁目
E92448667161,三沢市,細谷四丁目
E9244862946,三沢市,堀口一丁目
E9244862943,三沢市,堀口二丁目
E9244862954,三沢市,堀口三丁目
E9244862576,三沢市,本町一丁目
E92448625798,三沢市,本町二丁目
E92448625799,三沢市,本町三丁目
E92448628216,三沢市,本町四丁目
E92448637133,三沢市,前平一丁目
E9244863722,三沢市,前平二丁目
E92448637139,三沢市,前平三丁目
E9244862836,三沢市,松園町一丁目
E9244862835,三沢市,松園町二丁目
E9244862834,三沢市,松園町三丁目
E9244862912,三沢市,松原町一丁目
E9244862675,三沢市,松原町二丁目
E9244863578,三沢市,三川目一丁目
E9244863577,三沢市,三川目二丁目
E9244863815,三沢市,三川目三丁目
E9244863814,三沢市,三川目四丁目
E9244862944,三沢市,緑町一丁目
E92448629427,三沢市,緑町二丁目
E9244862945,三沢市,緑町三丁目
E9244863816,三沢市,港町一丁目
E9244863843,三沢市,港町二丁目
E92448628323,三沢市,南町一丁目
E9244862911,三沢市,南町二丁目
E9244862599,三沢市,南町三丁目
E9244862596,三沢市,南町四丁目
E9244862939,三沢市,南山一丁目
E92448629387,三沢市,南山二丁目
E92448629369,三沢市,南山三丁目
E92448629381,三沢市,南山四丁目
E92448629425,三沢市,美野原一丁目
E92448629188,三沢市,美野原二丁目
E92448629185,三沢市,美野原三丁目
E9244866743,三沢市,六川目一丁目
E9244866718,三沢市,六川目二丁目
E9244866746,三沢市,六川目三丁目
E9244866745,三沢市,六川目四丁目
E9244866772,三沢市,六川目五丁目
E9244866771,三沢市,六川目六丁目
E9244866775,三沢市,六川目七丁目
E9244866774,三沢市,六川目八丁目
E924486823,三沢市,谷地頭一丁目
E924486588,三沢市,谷地頭二丁目
E9244868262,三沢市,谷地頭三丁目
E924486822,三沢市,谷地頭四丁目
E9244868282,三沢市,八幡一丁目
E9244868284,三沢市,八幡二丁目
E9244863796,三沢市,四川目一丁目
E9244863795,三沢市,四川目二丁目
E9244866133,三沢市,四川目三丁目
E9244863797,三沢市,四川目四丁目
E9244866135,三沢市,四川目五丁目
E9244866134,三沢市,四川目六丁目
E9244862571,三沢市,春日台四丁目
E9247226972,むつ市,赤川町
E9247229166,むつ市,旭町
E9247229181,むつ市,荒川町
E924722595,むつ市,宇田町
E924722926,むつ市,海老川町
E9247229182,むつ市,大字大平
E924722594,むつ市,大字大湊
E92472342,むつ市,大字奥内
E92472255,むつ市,大字城ヶ沢
E9247253,むつ市,大字関根
E92472371,むつ市,大字田名部
E92472318,むつ市,大字中野沢
E924722912,むつ市,大平町
E9247251,むつ市,大畑町
E924722698,むつ市,大曲一丁目
E9247226956,むつ市,大曲二丁目
E924722693,むつ市,大曲三丁目
E92472267,むつ市,大湊上町
E9247229119,むつ市,大湊新町
E924722592,むつ市,大湊町
E9247229112,むつ市,大湊浜町
E9247229314,むつ市,金曲一丁目
E9247229313,むつ市,金曲二丁目
E9247226978,むつ市,金曲三丁目
E9247229291,むつ市,金谷一丁目
E9247229281,むつ市,金谷二丁目
E9247229388,むつ市,上川町
E92472169,むつ市,川内町
E92472129,むつ市,川内町蛎崎
E9247213,むつ市,川内町宿野部
E92472162,むつ市,川内町桧川
E924722596,むつ市,川守町
E9247229611,むつ市,栗山町
E9247229293,むつ市,小川町一丁目
E9247229371,むつ市,小川町二丁目
E924722591,むつ市,桜木町
E9247229251,むつ市,下北町
E9247229276,むつ市,十二林
E9247229239,むつ市,昭和町
E924722934,むつ市,新町
E92472293736,むつ市,田名部町
E9247229249,むつ市,中央一丁目
E9247229245,むつ市,中央二丁目
E9247229351,むつ市,苫生町一丁目
E9247229319,むつ市,苫生町二丁目
E9247229234,むつ市,仲町
E9247229154,むつ市,並川町
E9247229155,むつ市,文京町
E9247229372,むつ市,本町
E924722913,むつ市,真砂町
E9247226893,むつ市,松原町
E924722917,むつ市,松森町
E9247229289,むつ市,松山町
E9247229274,むつ市,美里町
E9247229287,むつ市,緑ヶ丘
E9247229253,むつ市,緑町
E924722921,むつ市,港町
E9247226952,むつ市,南赤川町
E9247226899,むつ市,南町
E92472293737,むつ市,柳町一丁目
E9247229376,むつ市,柳町二丁目
E9247229379,むつ市,柳町三丁目
E9247229613,むつ市,柳町四丁目
E9247229167,むつ市,山田町
E9247229358,むつ市,横迎町一丁目
E9247229382,むつ市,横迎町二丁目
E9247229232,むつ市,若松町
E92472127,むつ市,脇野沢
E924478269,つがる市,稲垣町繁田
E924478295,つがる市,稲垣町下繁田
E924478224,つがる市,稲垣町千年
E924478235,つがる市,稲垣町豊川
E924478234,つがる市,稲垣町沼崎
E924478228,つがる市,稲垣町沼館
E924478264,つがる市,稲垣町福富
E924478263,つがる市,稲垣町穂積
E924478223,つがる市,稲垣町吉出
E92447827,つがる市,牛潟町
E924475917,つがる市,柏稲盛
E924475914,つがる市,柏上古川
E924475599,つがる市,柏桑野木田
E924475919,つがる市,柏鷺坂
E924475915,つがる市,柏下古川
E924475863,つがる市,柏玉水
E924475835,つがる市,柏広須
E924475862,つがる市,木造赤根
E9244758378,つがる市,木造曙
E9244758562,つがる市,木造朝日
E924475865,つがる市,木造芦沼
E924475898,つがる市,木造出野里
E9244758615,つがる市,木造浮巣
E92447585335,つがる市,木造有楽町
E9244758297,つがる市,木造浦船
E9244758564,つがる市,木造追広
E924475881,つがる市,木造大畑
E924478131,つがる市,木造大湯町
E924475886,つがる市,木造兼館
E924478139,つがる市,木造亀ケ岡
E924475944,つがる市,木造川除
E924475842,つがる市,木造菊川
E92447572,つがる市,木造越水
E924475798,つがる市,木造菰槌
E9244758374,つがる市,木造桜川
E9244758296,つがる市,木造桜木
E924475827,つがる市,木造柴田
E9244758536,つがる市,木造清水
E924475872,つがる市,木造下遠山里
E924475739,つがる市,木造下福原
E9244758614,つがる市,木造末広
E924478135,つがる市,木造館岡
E9244758611,つがる市,木造種取
E9244758535,つがる市,木造千年
E924475845,つがる市,木造千代田
E9244758377,つがる市,木造千代町
E924475857,つがる市,木造土滝
E92447585373,つがる市,木造鶴泊
E92447578,つがる市,木造出来島
E9244758376,つがる市,木造照日
E92447816,つがる市,木造筒木坂
E924475892,つがる市,木造豊田
E924475858,つがる市,木造永田
E924475851,つがる市,木造中館
E924475864,つがる市,木造成田
E9244758551,つがる市,木造濁川
E92447583848,つがる市,木造野宮
E9244758534,つがる市,木造萩流
E92447585334,つがる市,木造萩野
E924475867,つがる市,木造蓮川
E924475876,つがる市,木造林
E9244758566,つがる市,木造早田
E9244758613,つがる市,木造日向
E92447824,つがる市,木造平滝
E92447575,つがる市,木造吹原
E92447581,つがる市,木造福原
E9244758371,つがる市,木造房松
E92447583847,つがる市,木造藤岡
E9244758539,つがる市,木造藤田
E92447583756,つがる市,木造増田
E924475792,つがる市,木造丸山
E924475735,つがる市,木造三ツ館
E92447583753,つがる市,木造宮井
E9244758372,つがる市,木造宮崎
E92447585372,つがる市,木造森内
E9244758528,つがる市,木造森野
E9244758553,つがる市,木造森本
E9244758529,つがる市,木造森山
E92447821,つがる市,木造善積
E924475859,つがる市,木造蓮花田
E9244758379,つがる市,木造若竹
E9244758298,つがる市,木造若緑
E9244758532,つがる市,木造若宮
E92447828,つがる市,下車力町
E92447825,つがる市,下牛潟町
E924478512,つがる市,車力町
E92447854,つがる市,富萢町
E924478519,つがる市,豊富町
E924475731,つがる市,森田町大館
E924475834,つがる市,森田町上相野
E924475825,つがる市,森田町下相野
E924475577,つがる市,森田町床舞
E924475821,つがる市,森田町中田
E924475822,つがる市,森田町妙堂崎
E924475578,つがる市,森田町森田
E924475587,つがる市,森田町山田
E9244737964,平川市,荒田
E924473873,平川市,新屋
E9244737969,平川市,新屋町
E92447353,平川市,碇ヶ関
E92447356,平川市,碇ヶ関古懸
E92447329,平川市,碇ヶ関久吉
E924473764,平川市,石郷
E92447375644,平川市,石畑
E924473729,平川市,岩館
E924473841,平川市,沖館
E92447391,平川市,小国
E92447385,平川市,尾崎
E924473794,平川市,長田
E924473877,平川市,尾上
E924473765,平川市,柏木町
E924473884,平川市,金屋
E924476121,平川市,蒲田
E924473824,平川市,唐竹
E9244814,平川市,切明
E9244817,平川市,葛川
E9244737688,平川市,光城一丁目
E92447379221,平川市,光城二丁目
E92447379227,平川市,光城三丁目
E9244737925,平川市,光城四丁目
E9244737921,平川市,光城五丁目
E92447376878,平川市,光城六丁目
E92447376875,平川市,光城七丁目
E92447375641,平川市,小杉
E9244737926,平川市,小和森
E924476132,平川市,猿賀
E9244737859,平川市,杉館
E924473879,平川市,李平
E924473791,平川市,大光寺
E924473752,平川市,大坊
E924476212,平川市,高木
E924473763,平川市,高畑
E924473758,平川市,館田
E9244737829,平川市,館山
E924473798,平川市,中佐渡
E9244737822,平川市,苗生松
E924473845,平川市,新館
E924476122,平川市,新山
E924473788,平川市,西野曽江
E924476211,平川市,原
E924473761,平川市,原田
E924473787,平川市,日沼
E924473871,平川市,平田森
E924473829,平川市,広船
E924473762,平川市,吹上
E924473848,平川市,町居
E9244737825,平川市,松崎
E9244737854,平川市,松館
E924473878,平川市,南田中
E9244737684,平川市,本町
E924476123,平川市,八幡崎
E9244737546,平川市,四ツ屋
E924487631,東津軽郡平内町,大字浅所
E924487296,東津軽郡平内町,大字小豆沢
E92448755,東津軽郡平内町,大字稲生
E92448732,東津軽郡平内町,大字内童子
E92448812,東津軽郡平内町,大字狩場沢
E924488152,東津軽郡平内町,大字口広
E92448736,東津軽郡平内町,大字小湊
E924488173,東津軽郡平内町,大字清水川
E92448765,東津軽郡平内町,大字白砂
E9244857,東津軽郡平内町,大字外童子
E92448731,東津軽郡平内町,大字田茂木
E924487291,東津軽郡平内町,大字中野
E92448728,東津軽郡平内町,大字浪打
E92448739,東津軽郡平内町,大字沼館
E924488171,東津軽郡平内町,大字浜子
E92448756,東津軽郡平内町,大字東田沢
E924487388,東津軽郡平内町,大字福島
E92448762,東津軽郡平内町,大字福館
E924487349,東津軽郡平内町,大字藤沢
E92448723,東津軽郡平内町,大字増田
E92448814,東津軽郡平内町,大字松野木
E92448752,東津軽郡平内町,大字茂浦
E924487384,東津軽郡平内町,大字盛田
E924488157,東津軽郡平内町,大字薬師野
E924487344,東津軽郡平内町,大字山口
E924487635,東津軽郡平内町,大字東滝
E92448726,東津軽郡平内町,大字土屋
E924712392,東津軽郡今別町,大字今別
E92471314,東津軽郡今別町,大字大川平
E924713427,東津軽郡今別町,大字大泊
E92471346,東津軽郡今別町,大字奥平部
E92471343,東津軽郡今別町,大字砂ケ森
E92471317,東津軽郡今別町,大字鍋田
E924712385,東津軽郡今別町,大字浜名
E924713429,東津軽郡今別町,大字袰月
E924712399,東津軽郡今別町,大字村元
E92471341,東津軽郡今別町,大字山崎
E92447952,東津軽郡蓬田村,大字阿弥陀川
E924479564,東津軽郡蓬田村,大字郷沢
E924479591,東津軽郡蓬田村,大字瀬辺地
E9244795319,東津軽郡蓬田村,大字中沢
E924479535,東津軽郡蓬田村,大字長科
E924479597,東津軽郡蓬田村,大字広瀬
E924479561,東津軽郡蓬田村,大字蓬田
E9244798351,東津軽郡外ケ浜町,字上蟹田
E9244798352,東津軽郡外ケ浜町,字蟹田
E924479861,東津軽郡外ケ浜町,字蟹田石浜
E924479831,東津軽郡外ケ浜町,字蟹田丑ケ沢
E924479822,東津軽郡外ケ浜町,字蟹田内黒山
E9244798261,東津軽郡外ケ浜町,字蟹田姥ケ沢
E92447975,東津軽郡外ケ浜町,字蟹田大平沢辺
E924479791,東津軽郡外ケ浜町,字蟹田大平高石
E924479764,東津軽郡外ケ浜町,字蟹田大平山元
E924479818,東津軽郡外ケ浜町,字蟹田小国岩井
E9244798247,東津軽郡外ケ浜町,字蟹田小国黒山
E924479815,東津軽郡外ケ浜町,字蟹田小国黒山添
E9244798281,東津軽郡外ケ浜町,字蟹田小国坂元
E924479851,東津軽郡外ケ浜町,字蟹田小国三枚橋
E924479841,東津軽郡外ケ浜町,字蟹田小国品吉
E924479852,東津軽郡外ケ浜町,字蟹田小国惣右衛門沢
E9244797631,東津軽郡外ケ浜町,字蟹田小国館下
E924479845,東津軽郡外ケ浜町,字蟹田小国谷田
E924479795,東津軽郡外ケ浜町,字蟹田小国西小国山
E9244798288,東津軽郡外ケ浜町,字蟹田小国東小国山
E924479842,東津軽郡外ケ浜町,字蟹田小国南田
E9244798248,東津軽郡外ケ浜町,字蟹田小国山崎
E9244798269,東津軽郡外ケ浜町,字蟹田桂淵
E9244798349,東津軽郡外ケ浜町,字蟹田川原添
E924479864,東津軽郡外ケ浜町,字蟹田塩越
E9244798244,東津軽郡外ケ浜町,字蟹田外黒山
E9244798341,東津軽郡外ケ浜町,字蟹田高銅屋
E924479832,東津軽郡外ケ浜町,字蟹田田ノ沢
E9244798291,東津軽郡外ケ浜町,字蟹田中師桂沢
E9244798376,東津軽郡外ケ浜町,字蟹田中師舘ノ沢
E9244798372,東津軽郡外ケ浜町,字蟹田中師苗代沢
E9244798295,東津軽郡外ケ浜町,字蟹田中師火箱沢
E924479838,東津軽郡外ケ浜町,字蟹田中師宮本
E9244798264,東津軽郡外ケ浜町,字蟹田樋橋
E9244798268,東津軽郡外ケ浜町,字蟹田原田長瀬
E924479817,東津軽郡外ケ浜町,字蟹田南沢館下
E92447973,東津軽郡外ケ浜町,字蟹田南沢山口
E924479766,東津軽郡外ケ浜町,字蟹田山本小谷
E9244797634,東津軽郡外ケ浜町,字蟹田山本野脇
E9244797636,東津軽郡外ケ浜町,字蟹田山本前田
E924479768,東津軽郡外ケ浜町,字蟹田山本紅葉坂
E924479825,東津軽郡外ケ浜町,字蟹田渡
E9244798348,東津軽郡外ケ浜町,字蟹田鰐ケ淵
E9244798354,東津軽郡外ケ浜町,字下蟹田
E924713297,東津軽郡外ケ浜町,字平舘石崎沢
E9247132892,東津軽郡外ケ浜町,字平舘石崎長屋形
E924479883,東津軽郡外ケ浜町,字平舘石浜尻高川
E92447989,東津軽郡外ケ浜町,字平舘磯山
E9247132239,東津軽郡外ケ浜町,字平舘今津釜の沢
E924713234,東津軽郡外ケ浜町,字平舘今津才の神
E9247132314,東津軽郡外ケ浜町,字平舘今津尻高
E9247132238,東津軽郡外ケ浜町,字平舘今津尻高川
E9247132317,東津軽郡外ケ浜町,字平舘今津間沢
E9247132676,東津軽郡外ケ浜町,字平舘後田
E9247132677,東津軽郡外ケ浜町,字平舘門の沢
E9247132919,東津軽郡外ケ浜町,字平舘田の沢
E924713295,東津軽郡外ケ浜町,字平舘太郎右エ門沢
E9247132913,東津軽郡外ケ浜町,字平舘鳥井沢
E924713294,東津軽郡外ケ浜町,字平舘長屋形
E924713261,東津軽郡外ケ浜町,字平舘根岸小川
E9247132569,東津軽郡外ケ浜町,字平舘根岸山居
E924713264,東津軽郡外ケ浜町,字平舘根岸長屋形
E9247132563,東津軽郡外ケ浜町,字平舘根岸湯の沢
E924713226,東津軽郡外ケ浜町,字平舘野田才の神
E9247132291,東津軽郡外ケ浜町,字平舘野田尻高川
E924713253,東津軽郡外ケ浜町,字平舘野田鳴川
E9247132296,東津軽郡外ケ浜町,字平舘野田山下
E924479889,東津軽郡外ケ浜町,字平舘舟岡
E9247135,東津軽郡外ケ浜町,字平舘元宇田
E9247132899,東津軽郡外ケ浜町,字平舘弥蔵釜
E924712612,東津軽郡外ケ浜町,字三厩家ノ上
E924712538,東津軽郡外ケ浜町,字三厩宇鉄家ノ上
E9247125627,東津軽郡外ケ浜町,字三厩宇鉄沢
E9247125813,東津軽郡外ケ浜町,字三厩宇鉄山
E92471261491,東津軽郡外ケ浜町,字三厩上野
E9247125626,東津軽郡外ケ浜町,字三厩釜野澤
E9247125649,東津軽郡外ケ浜町,字三厩上宇鉄
E9247125625,東津軽郡外ケ浜町,字三厩上平
E9247125586,東津軽郡外ケ浜町,字三厩川柱
E9247125735,東津軽郡外ケ浜町,字三厩木落
E9247125737,東津軽郡外ケ浜町,字三厩源兵衛間
E9247126151,東津軽郡外ケ浜町,字三厩算用師
E9247126154,東津軽郡外ケ浜町,字三厩算用師右平野
E9247126152,東津軽郡外ケ浜町,字三厩潮見台
E9247125398,東津軽郡外ケ浜町,字三厩四枚橋
E9247125395,東津軽郡外ケ浜町,字三厩四枚橋ノ上
E9247125628,東津軽郡外ケ浜町,字三厩下平
E9247125588,東津軽郡外ケ浜町,字三厩尻神
E9247126133,東津軽郡外ケ浜町,字三厩新町
E9247125654,東津軽郡外ケ浜町,字三厩滝ノ上
E924712572,東津軽郡外ケ浜町,字三厩龍浜
E9247125651,東津軽郡外ケ浜町,字三厩中ノ平
E9247126153,東津軽郡外ケ浜町,字三厩中浜
E9247125622,東津軽郡外ケ浜町,字三厩流平
E924712559,東津軽郡外ケ浜町,字三厩梨ノ木間
E9247125587,東津軽郡外ケ浜町,字三厩鳴神
E924712384,東津軽郡外ケ浜町,字三厩東町
E9247125812,東津軽郡外ケ浜町,字三厩梹榔
E9247126174,東津軽郡外ケ浜町,字三厩藤嶋
E9247126171,東津軽郡外ケ浜町,字三厩藤嶋沢
E9247126131,東津軽郡外ケ浜町,字三厩本町
E924712567,東津軽郡外ケ浜町,字三厩鐇泊
E924712387,東津軽郡外ケ浜町,字三厩増川
E9247125646,東津軽郡外ケ浜町,字三厩水汲沢
E9247123792,東津軽郡外ケ浜町,字三厩緑ケ丘
E9247125652,東津軽郡外ケ浜町,字三厩元宇鉄
E9247123798,東津軽郡外ケ浜町,字三厩桃ケ丘
E9247125648,東津軽郡外ケ浜町,字三厩東風泊
E9247125732,東津軽郡外ケ浜町,字三厩鎧嶋
E92471261498,東津軽郡外ケ浜町,字三厩六條間
E92447467,西津軽郡鰺ヶ沢町,大字赤石町
E92447439,西津軽郡鰺ヶ沢町,大字芦萢町
E92447492216,西津軽郡鰺ヶ沢町,大字新町
E924474647,西津軽郡鰺ヶ沢町,大字姥袋町
E92447453,西津軽郡鰺ヶ沢町,大字鬼袋町
E92447571,西津軽郡鰺ヶ沢町,大字北浮田町
E9244746886,西津軽郡鰺ヶ沢町,大字米町
E92447437,西津軽郡鰺ヶ沢町,大字小森町
E92447548,西津軽郡鰺ヶ沢町,大字小屋敷町
E92447492131,西津軽郡鰺ヶ沢町,大字新地町
E924475467,西津軽郡鰺ヶ沢町,大字建石町
E92447465,西津軽郡鰺ヶ沢町,大字館前町
E9244746896,西津軽郡鰺ヶ沢町,大字田中町
E92447461,西津軽郡鰺ヶ沢町,大字種里町
E92447492211,西津軽郡鰺ヶ沢町,大字釣町
E92447518,西津軽郡鰺ヶ沢町,大字長平町
E92447466,西津軽郡鰺ヶ沢町,大字中村町
E9244746895,西津軽郡鰺ヶ沢町,大字七ツ石町
E92447492218,西津軽郡鰺ヶ沢町,大字浜町
E92447463,西津軽郡鰺ヶ沢町,大字浜横沢町
E924474649,西津軽郡鰺ヶ沢町,大字日照田町
E9244742,西津軽郡鰺ヶ沢町,大字一ツ森町
E92447462,西津軽郡鰺ヶ沢町,大字深谷町
E9244749212,西津軽郡鰺ヶ沢町,大字富根町
E9244746888,西津軽郡鰺ヶ沢町,大字本町
E924474682,西津軽郡鰺ヶ沢町,大字舞戸町
E92447436,西津軽郡鰺ヶ沢町,大字松代町
E92447547,西津軽郡鰺ヶ沢町,大字南浮田町
E924474642,西津軽郡鰺ヶ沢町,大字南金沢町
E92447545,西津軽郡鰺ヶ沢町,大字湯舟町
E9244749211,西津軽郡鰺ヶ沢町,大字淀町
E92447492134,西津軽郡鰺ヶ沢町,大字漁師町
E92447452,西津軽郡深浦町,大字岩坂
E91669389,西津軽郡深浦町,大字岩崎
E91669639,西津軽郡深浦町,大字追良瀬
E91669362,西津軽郡深浦町,大字大間越
E92447444,西津軽郡深浦町,大字風合瀬
E924471777,西津軽郡深浦町,大字上長慶平
E92447446,西津軽郡深浦町,大字北金ケ沢
E916691,西津軽郡深浦町,大字久六
E91669368,西津軽郡深浦町,大字黒崎
E916693883,西津軽郡深浦町,大字沢辺
E9166939462,西津軽郡深浦町,大字正道尻
E92447454,西津軽郡深浦町,大字関
E92447445,西津軽郡深浦町,大字田野沢
E924471771,西津軽郡深浦町,大字長慶平
E916693887,西津軽郡深浦町,大字月屋
E9166966,西津軽郡深浦町,大字驫木
E9166939464,西津軽郡深浦町,大字久田
E91669635,西津軽郡深浦町,大字広戸
E91669623,西津軽郡深浦町,大字深浦
E916693885,西津軽郡深浦町,大字舮作
E91669392,西津軽郡深浦町,大字松神
E916693943,西津軽郡深浦町,大字森山
E92447456,西津軽郡深浦町,大字柳田
E91669622,西津軽郡深浦町,大字横磯
E924472713,中津軽郡西目屋村,大字居森平
E924472783,中津軽郡西目屋村,大字杉ケ沢
E92447275,中津軽郡西目屋村,大字田代
E924472712,中津軽郡西目屋村,大字藤川
E92447272,中津軽郡西目屋村,大字村市
E92447274,中津軽郡西目屋村,大字大秋
E924472781,中津軽郡西目屋村,大字白沢
E9244724,中津軽郡西目屋村,大字砂子瀬
E9244716,中津軽郡西目屋村,大字川原平
E924476179,南津軽郡藤崎町,大字柏木堰
E9244761771,南津軽郡藤崎町,大字亀岡
E924476188,南津軽郡藤崎町,大字久井名舘
E9244761449,南津軽郡藤崎町,大字葛野
E9244764248,南津軽郡藤崎町,大字郷山前
E924476146,南津軽郡藤崎町,大字小畑
E924475393,南津軽郡藤崎町,大字五林
E924476157,南津軽郡藤崎町,大字榊
E9244764124,南津軽郡藤崎町,大字下俵舛
E924476178,南津軽郡藤崎町,大字俵舛
E924476159,南津軽郡藤崎町,大字常盤
E924476422,南津軽郡藤崎町,大字富柳
E924476173,南津軽郡藤崎町,大字中島
E9244761751,南津軽郡藤崎町,大字中野目
E9244761443,南津軽郡藤崎町,大字西豊田一丁目
E924476145,南津軽郡藤崎町,大字西豊田二丁目
E924476142,南津軽郡藤崎町,大字西豊田三丁目
E9244761776,南津軽郡藤崎町,大字西中野目
E924475392,南津軽郡藤崎町,大字林崎
E9244764243,南津軽郡藤崎町,大字福舘
E924476143,南津軽郡藤崎町,大字藤越
E924475365,南津軽郡藤崎町,大字藤崎
E924476183,南津軽郡藤崎町,大字増館
E924476185,南津軽郡藤崎町,大字水木
E924476148,南津軽郡藤崎町,大字水沼
E924476149,南津軽郡藤崎町,大字矢沢
E9244764249,南津軽郡藤崎町,大字吉野田
E9244761754,南津軽郡藤崎町,大字吉向
E924476158,南津軽郡藤崎町,大字若松
E924476167,南津軽郡藤崎町,大字徳下
E924476192,南津軽郡藤崎町,大字福島
E9244761689,南津軽郡藤崎町,大字三ツ屋
E92447345,南津軽郡大鰐町,大字居土
E924473571,南津軽郡大鰐町,大字大鰐
E92447355,南津軽郡大鰐町,大字唐牛
E924473577,南津軽郡大鰐町,大字蔵館
E92447359,南津軽郡大鰐町,大字駒木
E924473497,南津軽郡大鰐町,大字鯖石
E92447351,南津軽郡大鰐町,大字島田
E924473498,南津軽郡大鰐町,大字宿川原
E92447358,南津軽郡大鰐町,大字長峰
E924473573,南津軽郡大鰐町,大字苦木
E924473468,南津軽郡大鰐町,大字虹貝
E924473732,南津軽郡大鰐町,大字八幡館
E924473461,南津軽郡大鰐町,大字早瀬野
E92447348,南津軽郡大鰐町,大字三ツ目内
E924473723,南津軽郡大鰐町,大字森山
E9244761551,南津軽郡田舎館村,大字和泉
E924476134,南津軽郡田舎館村,大字田舎舘
E924476138,南津軽郡田舎館村,大字枝川
E924476116,南津軽郡田舎館村,大字大根子
E924476112,南津軽郡田舎館村,大字大袋
E924476125,南津軽郡田舎館村,大字大曲
E924476152,南津軽郡田舎館村,大字川部
E9244761555,南津軽郡田舎館村,大字境森
E924476139,南津軽郡田舎館村,大字十二川原
E924476124,南津軽郡田舎館村,大字諏訪堂
E924476128,南津軽郡田舎館村,大字高樋
E924476135,南津軽郡田舎館村,大字垂柳
E9244761297,南津軽郡田舎館村,大字土矢倉
E9244761683,南津軽郡田舎館村,大字東光寺
E924476162,南津軽郡田舎館村,大字堂野前
E924476115,南津軽郡田舎館村,大字豊蒔
E924476137,南津軽郡田舎館村,大字畑中
E9244761296,南津軽郡田舎館村,大字八反田
E924476153,南津軽郡田舎館村,大字前田屋敷
E92447562337,北津軽郡板柳町,いたや町一丁目
E9244756236,北津軽郡板柳町,いたや町二丁目
E92447562331,北津軽郡板柳町,いたや町三丁目
E92447562336,北津軽郡板柳町,いたや町四丁目
E924475634,北津軽郡板柳町,大字赤田
E924475391,北津軽郡板柳町,大字飯田
E9244756283,北津軽郡板柳町,大字石野
E924475388,北津軽郡板柳町,大字板柳
E9244753977,北津軽郡板柳町,大字太田
E924475636,北津軽郡板柳町,大字大俵
E924475627,北津軽郡板柳町,大字掛落林
E924475665,北津軽郡板柳町,大字柏木
E924475662,北津軽郡板柳町,大字狐森
E924475638,北津軽郡板柳町,大字五幾形
E924475616,北津軽郡板柳町,大字小幡
E924476448,北津軽郡板柳町,大字五林平
E9244756239,北津軽郡板柳町,大字三千石
E924476418,北津軽郡板柳町,大字常海橋
E924476417,北津軽郡板柳町,大字高増
E924476413,北津軽郡板柳町,大字滝井
E9244764129,北津軽郡板柳町,大字館野越
E9244753971,北津軽郡板柳町,大字辻
E924475398,北津軽郡板柳町,大字長野
E9244756286,北津軽郡板柳町,大字野中
E924475622,北津軽郡板柳町,大字灰沼
E924475632,北津軽郡板柳町,大字深味
E924475389,北津軽郡板柳町,大字福野田
E924475666,北津軽郡板柳町,大字牡丹森
E924476445,北津軽郡板柳町,大字夕顔関
E924475395,北津軽郡板柳町,大字横沢
E924475678,北津軽郡鶴田町,大字大巻
E924475667,北津軽郡鶴田町,大字沖
E924475593,北津軽郡鶴田町,大字尾原
E924475671,北津軽郡鶴田町,大字木筒
E924475656,北津軽郡鶴田町,大字胡桃舘
E924475675,北津軽郡鶴田町,大字強巻
E924475654,北津軽郡鶴田町,大字境
E924475645,北津軽郡鶴田町,大字菖蒲川
E924475693,北津軽郡鶴田町,大字瀬良沢
E924475642,北津軽郡鶴田町,大字大性
E924475673,北津軽郡鶴田町,大字鶴田
E924475646,北津軽郡鶴田町,大字鶴泊
E924475658,北津軽郡鶴田町,大字中野
E924475647,北津軽郡鶴田町,大字野木
E924475583,北津軽郡鶴田町,大字廻堰
E924475589,北津軽郡鶴田町,大字妙堂崎
E924475682,北津軽郡鶴田町,大字山道
E924475683,北津軽郡鶴田町,大字横萢
E924478299,北津軽郡中泊町,大字芦野
E92447883,北津軽郡中泊町,大字今泉
E92447867,北津軽郡中泊町,大字薄市
E924478388,北津軽郡中泊町,大字大沢内
E924478646,北津軽郡中泊町,大字尾別
E9247122,北津軽郡中泊町,大字小泊
E924478648,北津軽郡中泊町,大字高根
E92447856,北津軽郡中泊町,大字田茂木
E924478375,北津軽郡中泊町,大字富野
E92447853,北津軽郡中泊町,大字豊岡
E924478372,北津軽郡中泊町,大字豊島
E92447869,北津軽郡中泊町,大字中里
E92447852,北津軽郡中泊町,大字長泥
E924478613,北津軽郡中泊町,大字八幡
E924478614,北津軽郡中泊町,大字福浦
E924478622,北津軽郡中泊町,大字深郷田
E924478617,北津軽郡中泊町,大字宮川
E924478626,北津軽郡中泊町,大字宮野沢
E9244882313,上北郡野辺地町,字赤坂
E9244858888,上北郡野辺地町,字荒田ノ沢
E92448838,上北郡野辺地町,字有戸
E924488318,上北郡野辺地町,字有戸鳥井平
E92448821633,上北郡野辺地町,字家ノ上
E9244882316,上北郡野辺地町,字石神裏
E9244858912,上北郡野辺地町,字一ノ渡
E924485867978,上北郡野辺地町,字一ノ渡向
E924488212,上北郡野辺地町,字大平下
E924488236,上北郡野辺地町,字大月平
E9244883119,上北郡野辺地町,字大谷地東沢
E9244883581,上北郡野辺地町,字小沢平
E924488354,上北郡野辺地町,字蟹田
E9244882116,上北郡野辺地町,字上河渡頭
E92448589479,上北郡野辺地町,字上川原
E924485881,上北郡野辺地町,字上小中野
E92448589438,上北郡野辺地町,字上田表
E92448589434,上北郡野辺地町,字上田川原
E92448589723,上北郡野辺地町,字上前田
E92448822132,上北郡野辺地町,字上御手洗瀬
E9244858862,上北郡野辺地町,字上与田川
E9244858913,上北郡野辺地町,字川目
E92448588942,上北郡野辺地町,字観音林後
E92448822321,上北郡野辺地町,字観音林前田
E92448588943,上北郡野辺地町,字観音林脇
E924488315,上北郡野辺地町,字木明
E9244858867,上北郡野辺地町,字切明
E9244858941,上北郡野辺地町,字久田
E9244882235,上北郡野辺地町,字笹館
E924485878,上北郡野辺地町,字獅子沢
E9244883585,上北郡野辺地町,字下道
E9244882117,上北郡野辺地町,字地続山
E9244882148,上北郡野辺地町,字柴崎
E924488343,上北郡野辺地町,字下角
E92448821642,上北郡野辺地町,字下河渡頭
E9244858919,上北郡野辺地町,字下上田表
E92448588927,上北郡野辺地町,字下小中野
E9244882331,上北郡野辺地町,字下坂
E92448589727,上北郡野辺地町,字下前田
E9244858869,上北郡野辺地町,字下松ノ木平
E9244882225,上北郡野辺地町,字下御手洗瀬
E9244858893,上北郡野辺地町,字下与田川
E9244882139,上北郡野辺地町,字十文字
E9244858977,上北郡野辺地町,字白岩
E9244858899,上北郡野辺地町,字白岩向
E9244858945,上北郡野辺地町,字新田
E9244882136,上北郡野辺地町,字陣場川原
E9244882233,上北郡野辺地町,字新町裏
E9244882321,上北郡野辺地町,字助佐小路
E924485896,上北郡野辺地町,字雑吉沢
E92448588873,上北郡野辺地町,字滝田
E924488235,上北郡野辺地町,字田名部道
E9244858975,上北郡野辺地町,字種川
E9244882329,上北郡野辺地町,字田狭沢
E92448821537,上北郡野辺地町,字田端
E9244882334,上北郡野辺地町,字タラノ木
E9244882132,上北郡野辺地町,字槻ノ木
E924485899,上北郡野辺地町,字寺ノ沢
E9244858946,上北郡野辺地町,字戸田ノ沢
E9244882224,上北郡野辺地町,字鳥井平
E92448821534,上北郡野辺地町,字中河渡頭
E92448588928,上北郡野辺地町,字中小中野
E9244883586,上北郡野辺地町,字中田
E9244882328,上北郡野辺地町,字中道
E9244858918,上北郡野辺地町,字中屋敷
E924485883,上北郡野辺地町,字中与田川
E92448821647,上北郡野辺地町,字中渡
E92448589478,上北郡野辺地町,字鳴沢
E9244882222,上北郡野辺地町,字二本木
E9244858897,上北郡野辺地町,字二本木向
E9244882231,上北郡野辺地町,字二本木向前田
E9244882311,上北郡野辺地町,字野辺地
E92448588877,上北郡野辺地町,字二十平
E9244882158,上北郡野辺地町,字八ノ木谷地
E9244882236,上北郡野辺地町,字浜掛
E924488313,上北郡野辺地町,字春木場沢
E92448832,上北郡野辺地町,字東太田沢
E924488314,上北郡野辺地町,字干草橋
E92448589488,上北郡野辺地町,字昼場
E924485873,上北郡野辺地町,字枇杷野
E924485898,上北郡野辺地町,字船橋
E924488342,上北郡野辺地町,字古明前
E9244858957,上北郡野辺地町,字坊ノ塚
E9244883114,上北郡野辺地町,字洞内
E92448822323,上北郡野辺地町,字前田
E9244858889,上北郡野辺地町,字前平
E92448821639,上北郡野辺地町,字馬門
E9244882229,上北郡野辺地町,字馬門道
E924485875,上北郡野辺地町,字松ノ木
E9244858863,上北郡野辺地町,字松ノ木平
E9244858916,上北郡野辺地町,字水ケ沢
E92448822131,上北郡野辺地町,字御手洗瀬
E924488352,上北郡野辺地町,字明前
E92448839,上北郡野辺地町,字向田
E92448589483,上北郡野辺地町,字餅粟川原
E92448813,上北郡野辺地町,字湯沢
E9244882143,上北郡野辺地町,字湯沢尻
E924485867971,上北郡野辺地町,字湯沢出口
E9244858896,上北郡野辺地町,字与田川尻
E9244882317,上北郡野辺地町,字米内沢
E9244864488,上北郡七戸町,字赤川向
E924485539,上北郡七戸町,字荒熊内
E924485269,上北郡七戸町,字荒屋
E9244852838,上北郡七戸町,字有田沢
E92448564932,上北郡七戸町,字家ノ裏
E9244856492,上北郡七戸町,字家ノ上
E92448564939,上北郡七戸町,字家ノ下
E9244856719,上北郡七戸町,字家ノ志茂
E924485644,上北郡七戸町,字家ノ前
E92448557,上北郡七戸町,字市ノ渡
E924485517,上北郡七戸町,字銀南木
E924485673,上北郡七戸町,字猪ノ鼻
E9244852986,上北郡七戸町,字上ノ山
E92448529587,上北郡七戸町,字上屋田
E9244852985,上北郡七戸町,字後川原
E924485677,上北郡七戸町,字後平
E9244855984,上北郡七戸町,字内ノ沢
E9244855322,上北郡七戸町,字宇道坂
E9244864745,上北郡七戸町,字姥沢
E9244852981,上北郡七戸町,字海内
E9244856114,上北郡七戸町,字上町野
E924485613,上北郡七戸町,字犹花
E9244856646,上北郡七戸町,字榎林家ノ後
E924485665,上北郡七戸町,字榎林家ノ前
E9244864761,上北郡七戸町,字榎林小川向
E9244856624,上北郡七戸町,字榎林中田
E9244864749,上北郡七戸町,字榎林古屋敷
E9244856662,上北郡七戸町,字榎林前田
E9244856643,上北郡七戸町,字夷堂
E9244856126,上北郡七戸町,字大池
E9244856577,上北郡七戸町,字大川向
E9244856157,上北郡七戸町,字大沢
E924485375,上北郡七戸町,字太田
E924485593,上北郡七戸町,字大平
E9244853782,上北郡七戸町,字太田野
E9244853741,上北郡七戸町,字大林
E924485663,上北郡七戸町,字大渡
E9244858293,上北郡七戸町,字尾山頭
E9244852829,上北郡七戸町,字小山川原
E924485669,上北郡七戸町,字貝塚家ノ前
E9244855332,上北郡七戸町,字貝ノ口
E9244856121,上北郡七戸町,字影津内
E9244855232,上北郡七戸町,字鍛治林
E924485592,上北郡七戸町,字金沢平
E9244855956,上北郡七戸町,字上川原
E924485824,上北郡七戸町,字上志多
E9244855985,上北郡七戸町,字上平
E9244864759,上北郡七戸町,字上田坪
E924485217,上北郡七戸町,字唐松
E924486457,上北郡七戸町,字川口
E924485371,上北郡七戸町,字川去
E9244856721,上北郡七戸町,字川端
E9244858381,上北郡七戸町,字北天間舘
E924485542,上北郡七戸町,字倉岡
E9244856116,上北郡七戸町,字倉越
E924485584,上北郡七戸町,字栗ノ木沢
E9244858221,上北郡七戸町,字五庵ノ下
E9244852839,上北郡七戸町,字小川口
E9244856527,上北郡七戸町,字小川向
E9244856546,上北郡七戸町,字小田下
E9244856545,上北郡七戸町,字小田平
E9244856718,上北郡七戸町,字小又
E924485546,上北郡七戸町,字古和備
E9244856573,上北郡七戸町,字皀
E924485261,上北郡七戸町,字賽ノ神
E9244856661,上北郡七戸町,字竿打川原
E9244864744,上北郡七戸町,字坂ノ外
E924485297,上北郡七戸町,字作田
E924485562,上北郡七戸町,字作田道
E924485513,上北郡七戸町,字左組
E9244855231,上北郡七戸町,字桜田
E9244855589,上北郡七戸町,字哘
E9244855673,上北郡七戸町,字哘崎
E924485559,上北郡七戸町,字哘平
E9244855893,上北郡七戸町,字淋代
E92448537886,上北郡七戸町,字笊田
E92448537887,上北郡七戸町,字笊田川久保
E9244856628,上北郡七戸町,字地蔵堂
E9244855899,上北郡七戸町,字下タ川原
E9244852999,上北郡七戸町,字七戸
E92448543,上北郡七戸町,字七戸深山
E924486472,上北郡七戸町,字柴舘道ノ下
E9244852592,上北郡七戸町,字清水頭
E924485582,上北郡七戸町,字下モ川原
E924485821,上北郡七戸町,字志茂川原
E9244858237,上北郡七戸町,字下志多
E9244864755,上北郡七戸町,字下田坪
E9244855664,上北郡七戸町,字下鳥谷部
E924485292,上北郡七戸町,字下見町
E924485596,上北郡七戸町,字蛇喰
E924485555,上北郡七戸町,字白岩
E9244858223,上北郡七戸町,字白石
E9244852998,上北郡七戸町,字城ノ後
E9244855537,上北郡七戸町,字治部袋
E9244855978,上北郡七戸町,字李川原
E9244856963,上北郡七戸町,字李沢家ノ後
E924485693,上北郡七戸町,字李沢家ノ前
E9244864713,上北郡七戸町,字李沢道ノ下
E924485249,上北郡七戸町,字西野
E9244864711,上北郡七戸町,字堰合
E924485588,上北郡七戸町,字堰代
E9244856379,上北郡七戸町,字堰添
E9244855587,上北郡七戸町,字堰根
E9244864444,上北郡七戸町,字千刈道ノ上
E924486441,上北郡七戸町,字千刈道ノ下
E9244853773,上北郡七戸町,字蒼前
E924485554,上北郡七戸町,字底田
E924485679,上北郡七戸町,字卒古沢
E924485659,上北郡七戸町,字卒古沢南平
E924485556,上北郡七戸町,字高井名
E9244852868,上北郡七戸町,字高屋敷
E9244853748,上北郡七戸町,字舘野
E9244856128,上北郡七戸町,字立野頭
E9244856485,上北郡七戸町,字舘ノ下
E9244856498,上北郡七戸町,字舘向
E9244856566,上北郡七戸町,字塚長根
E9244852642,上北郡七戸町,字槻木沢
E9244856564,上北郡七戸町,字附田家ノ前
E9244856565,上北郡七戸町,字附田川目
E9244856615,上北郡七戸町,字附田向
E9244856619,上北郡七戸町,字附田向川目
E9244855955,上北郡七戸町,字坪川原
E9244852895,上北郡七戸町,字鶴打田
E924485531,上北郡七戸町,字鶴児平
E9244855636,上北郡七戸町,字手代森
E9244853778,上北郡七戸町,字寺裏
E924485658,上北郡七戸町,字寺沢前
E92448522,上北郡七戸町,字寺下
E924485219,上北郡七戸町,字寺下山
E924485296,上北郡七戸町,字天神林
E92448553393,上北郡七戸町,字天王
E9244856572,上北郡七戸町,字天間舘荒谷
E9244855918,上北郡七戸町,字天間舘大沢
E9244855973,上北郡七戸町,字天間舘寒水
E924485557,上北郡七戸町,字天間舘倉越
E924485674,上北郡七戸町,字天間舘前川原
E92448516,上北郡七戸町,字道地
E9244855674,上北郡七戸町,字十枝内
E9244855337,上北郡七戸町,字十役野
E924485614,上北郡七戸町,字豊間内
E924485565,上北郡七戸町,字鳥谷部
E9244852948,上北郡七戸町,字中岫
E9244856293,上北郡七戸町,字中岫太田嶋
E924485624,上北郡七戸町,字中岫長沢下
E9244856375,上北郡七戸町,字中岫花松下
E9244856292,上北郡七戸町,字中岫番屋
E9244856283,上北郡七戸町,字中岫東道添
E924485625,上北郡七戸町,字中岫村ノ上
E924485251,上北郡七戸町,字長久保
E9244852647,上北郡七戸町,字中田
E9244855971,上北郡七戸町,字中天間舘
E9244855637,上北郡七戸町,字中鳥谷
E924485645,上北郡七戸町,字中野
E9244852658,上北郡七戸町,字中村
E9244852953,上北郡七戸町,字中屋敷
E9244855911,上北郡七戸町,字夏間木
E924485293,上北郡七戸町,字夏焼
E9244852989,上北郡七戸町,字西上川原
E9244852862,上北郡七戸町,字西槻木
E9244856612,上北郡七戸町,字沼頭
E9244856623,上北郡七戸町,字沼尻
E924485263,上北郡七戸町,字沼ノ沢
E924485655,上北郡七戸町,字根間手
E924485245,上北郡七戸町,字野左掛
E92448523,上北郡七戸町,字野左掛山
E9244856297,上北郡七戸町,字野崎
E9244856536,上北郡七戸町,字野崎揚地北
E9244856523,上北郡七戸町,字野崎上田
E924485619,上北郡七戸町,字野崎狐久保
E9244856526,上北郡七戸町,字野崎境田
E9244856535,上北郡七戸町,字野崎樋場
E9244856288,上北郡七戸町,字野崎前平
E9244856284,上北郡七戸町,字野崎森ノ下
E9244855323,上北郡七戸町,字野続
E9244852824,上北郡七戸町,字萩ノ沢
E924485641,上北郡七戸町,字橋ノ上
E9244856629,上北郡七戸町,字橋向
E9244855518,上北郡七戸町,字八幡下
E92448542,上北郡七戸町,字八幡岳
E924485668,上北郡七戸町,字鉢森平
E924485281,上北郡七戸町,字八栗平
E9244852859,上北郡七戸町,字八ケ田
E9244852893,上北郡七戸町,字八尺堂
E9244855531,上北郡七戸町,字放森
E9244856296,上北郡七戸町,字花松林ノ根
E924485642,上北郡七戸町,字原久保
E9244853774,上北郡七戸町,字東上川原
E9244853776,上北郡七戸町,字東槻木
E924485581,上北郡七戸町,字東天間舘
E924485616,上北郡七戸町,字膝森
E9244856155,上北郡七戸町,字寒水
E924486447,上北郡七戸町,字二ツ森家ノ後
E9244864446,上北郡七戸町,字二ツ森家ノ表
E9244864481,上北郡七戸町,字二ツ森家ノ下
E9244852956,上北郡七戸町,字不動向
E924485681,上北郡七戸町,字舟場向川久保
E9244855516,上北郡七戸町,字古屋敷
E9244852597,上北郡七戸町,字別曽
E92448553397,上北郡七戸町,字蛇坂
E924485561,上北郡七戸町,字細松
E924485834,上北郡七戸町,字菩提木
E9244856538,上北郡七戸町,字堀切
E9244852992,上北郡七戸町,字前川原
E9244864751,上北郡七戸町,字前左野
E9244852944,上北郡七戸町,字前田
E924485521,上北郡七戸町,字馬門川原
E9244853777,上北郡七戸町,字町
E924485568,上北郡七戸町,字松ヶ沢
E9244856471,上北郡七戸町,字道ノ上
E9244856461,上北郡七戸町,字道ノ下
E9244856495,上北郡七戸町,字南舘向
E9244846,上北郡七戸町,字南天間舘
E9244852851,上北郡七戸町,字都平
E924485268,上北郡七戸町,字見町
E9244858235,上北郡七戸町,字向川原
E9244852993,上北郡七戸町,字向田
E924485527,上北郡七戸町,字向平
E9244855668,上北郡七戸町,字向中野川向
E9244856478,上北郡七戸町,字森ヶ沢
E9244856482,上北郡七戸町,字森ノ上
E9244856466,上北郡七戸町,字森ノ下
E924485287,上北郡七戸町,字薬師平
E924485291,上北郡七戸町,字矢倉
E924485831,上北郡七戸町,字柳平
E9244856489,上北郡七戸町,字簗場川原
E92448519,上北郡七戸町,字山舘
E924485284,上北郡七戸町,字山屋
E9244852946,上北郡七戸町,字和田
E92448529582,上北郡七戸町,字和田下
E9244852654,上北郡七戸町,字渡ノ上
E9244856724,上北郡七戸町,字渡向
E924486242,上北郡六戸町,大字犬落瀬
E92448612,上北郡六戸町,大字折茂
E92448384,上北郡六戸町,大字上吉田
E924483764,上北郡六戸町,大字小平
E92448385,上北郡六戸町,大字下吉田
E924483768,上北郡六戸町,大字鶴喰
E92448379,上北郡六戸町,大字柳町
E924486271,上北郡六戸町,金矢一丁目
E924486272,上北郡六戸町,金矢二丁目
E924486275,上北郡六戸町,金矢三丁目
E924486245,上北郡六戸町,小松ケ丘一丁目
E9244862464,上北郡六戸町,小松ケ丘二丁目
E9244862466,上北郡六戸町,小松ケ丘三丁目
E9244862468,上北郡六戸町,小松ケ丘四丁目
E9244862491,上北郡六戸町,小松ケ丘五丁目
E924486248,上北郡六戸町,小松ケ丘六丁目
E9244897431,上北郡横浜町,字荒内
E9247231281,上北郡横浜町,字有畑
E9244897799,上北郡横浜町,字家ノ前川目
E92448975,上北郡横浜町,字イタヤノ木
E9247231241,上北郡横浜町,字稲荷平
E924489724,上北郡横浜町,字牛ノ沢
E924489716,上北郡横浜町,字牛ノ沢川目
E9247231252,上北郡横浜町,字夷ケ沢平
E9244897497,上北郡横浜町,字大川端
E9247231258,上北郡横浜町,字大畑
E9244897734,上北郡横浜町,字椛名木
E924489745,上北郡横浜町,字上イタヤノ木
E9244897437,上北郡横浜町,字上外ノ沢
E924489784,上北郡横浜町,字上田ノ沢
E9244897783,上北郡横浜町,字茅平
E9244897786,上北郡横浜町,字川尻
E924723126,上北郡横浜町,字川太郎川目
E92448976,上北郡横浜町,字北川台
E924723131,上北郡横浜町,字獅子沢平
E9244897721,上北郡横浜町,字下川原
E924489742,上北郡横浜町,字下外ノ沢
E9244897729,上北郡横浜町,字下田ノ沢
E9247231286,上北郡横浜町,字下苗代川目
E9244897725,上北郡横浜町,字舘ノ後
E924489782,上北郡横浜町,字太郎須田
E9244897728,上北郡横浜町,字塚名平
E9244897488,上北郡横浜町,字寺下
E924489481,上北郡横浜町,字泊川
E924489715,上北郡横浜町,字百目木
E924489475,上北郡横浜町,字豊栄平
E924489785,上北郡横浜町,字鶏ケ唄
E9244897738,上北郡横浜町,字中椛名木
E9244897739,上北郡横浜町,字中田ノ沢
E9247231249,上北郡横浜町,字中畑
E924723123,上北郡横浜町,字梨木平
E924723138,上北郡横浜町,字苗代川目
E9247231257,上北郡横浜町,字鶏沢
E924489747,上北郡横浜町,字浜懸
E924723152,上北郡横浜町,字浜田
E924723153,上北郡横浜町,字林尻
E9244897723,上北郡横浜町,字林ノ後
E9244897499,上北郡横浜町,字林ノ脇
E9244897795,上北郡横浜町,字桧木
E92448944,上北郡横浜町,字雲雀平
E924489483,上北郡横浜町,字二又
E924489474,上北郡横浜町,字吹越
E924723122,上北郡横浜町,字大豆田
E9244897486,上北郡横浜町,字三保野
E924489722,上北郡横浜町,字明神平
E924489718,上北郡横浜町,字向平
E924489727,上北郡横浜町,字モダシ平
E9244897481,上北郡横浜町,字屋敷形
E9244897487,上北郡横浜町,字横浜
E9244856946,上北郡東北町,字赤川橋ノ上
E924485692,上北郡東北町,字赤川橋ノ下
E9244856958,上北郡東北町,字赤川道
E9244859895,上北郡東北町,字空久保
E924485827,上北郡東北町,字秋取山
E9244864866,上北郡東北町,字家ノ上平
E924485861,上北郡東北町,字家ノ下タ
E924485945,上北郡東北町,字家ノ下モ
E92448586748,上北郡東北町,字家ノ前
E924489113,上北郡東北町,字五十嵐
E92448586743,上北郡東北町,字石坂
E924485916,上北郡東北町,字石文
E9244858515,上北郡東北町,字板橋平
E924485864,上北郡東北町,字板橋山
E9244867432,上北郡東北町,字岩間手橋ノ上
E924486495,上北郡東北町,字後久保
E9244856953,上北郡東北町,字内蛯沢坂ノ下
E9244856957,上北郡東北町,字内蛯沢道ノ上
E9244856968,上北郡東北町,字内蛯沢向
E924485843,上北郡東北町,字宇道坂
E92448836,上北郡東北町,字姥沢
E92448592643,上北郡東北町,字馬尻
E924486737,上北郡東北町,字狼ノ沢
E924486469,上北郡東北町,字大久保
E924485958,上北郡東北町,字大久保平
E924485937,上北郡東北町,字大沢
E924485866,上北郡東北町,字大平
E924488334,上北郡東北町,字太田平
E924485892,上北郡東北町,字大撫沢
E92448592647,上北郡東北町,字大籏屋
E924485972,上北郡東北町,字大向
E924486487,上北郡東北町,字往来ノ上
E924486489,上北郡東北町,字往来ノ下
E9244858593,上北郡東北町,字岡端
E924485952,上北郡東北町,字小沢
E9244867162,上北郡東北町,字落合
E924486485,上北郡東北町,字乙越
E9244856944,上北郡東北町,字乙供
E9244856889,上北郡東北町,字乙供山
E9244867431,上北郡東北町,字乙部橋ノ上
E924486719,上北郡東北町,字乙部道ノ上
E9244867168,上北郡東北町,字乙部道ノ下
E92448914,上北郡東北町,字ガス平
E924488336,上北郡東北町,字数牛
E924489111,上北郡東北町,字数牛尻
E924485853,上北郡東北町,字上板橋家ノ後
E9244864917,上北郡東北町,字上久保
E9244856979,上北郡東北町,字上笹橋
E9244858591,上北郡東北町,字上清水目
E9244858517,上北郡東北町,字川向
E9244858295,上北郡東北町,字川迎
E924485935,上北郡東北町,字岩渡沢
E9244859314,上北郡東北町,字北膳前
E924485975,上北郡東北町,字狐沢
E9244859746,上北郡東北町,字狐沢山
E9244867548,上北郡東北町,字切左坂道ノ上
E924486746,上北郡東北町,字切左坂道ノ下
E9244867566,上北郡東北町,字熊堂
E9244859327,上北郡東北町,字栗山添
E924486467,上北郡東北町,字黒志多
E924486744,上北郡東北町,字枋木
E924485842,上北郡東北町,字塞ノ神
E924485971,上北郡東北町,字坂下
E9244867138,上北郡東北町,字坂ノ下
E9244864869,上北郡東北町,字笹久保
E924488332,上北郡東北町,字淋代
E9244867789,上北郡東北町,字淋代下山
E924486723,上北郡東北町,字漆玉
E924485921,上北郡東北町,字篠内平
E92448581,上北郡東北町,字清水目深山
E924485852,上北郡東北町,字清水目向
E9244858562,上北郡東北町,字清水目山
E9244858389,上北郡東北町,字下板橋
E9244856976,上北郡東北町,字下笹橋
E9244859324,上北郡東北町,字下山
E924486488,上北郡東北町,字素柄邸
E9244858553,上北郡東北町,字堰合
E9244858564,上北郡東北町,字堰向
E9244859311,上北郡東北町,字膳前
E924485854,上北郡東北町,字添ノ沢
E924485928,上北郡東北町,字袖ノ沢
E9244859338,上北郡東北町,字外蛯沢後久保
E924486711,上北郡東北町,字外蛯沢北久保
E9244859332,上北郡東北町,字外蛯沢西平
E924486477,上北郡東北町,字外蛯沢前平
E924485998,上北郡東北町,字高森
E924486775,上北郡東北町,字滝沢
E9244867169,上北郡東北町,字滝沢尻
E924486728,上北郡東北町,字滝沢平
E924486771,上北郡東北町,字滝沢山
E9244864762,上北郡東北町,字舘
E924486483,上北郡東北町,字蓼内久保
E9244856972,上北郡東北町,字舘花
E924486732,上北郡東北町,字田ノ沢
E924486498,上北郡東北町,字田ノ沢川添
E924485893,上北郡東北町,字田面木
E9244859159,上北郡東北町,字千曳
E9244859247,上北郡東北町,字千曳下山
E9244859157,上北郡東北町,字千曳向
E9244859742,上北郡東北町,字長者久保
E9244864928,上北郡東北町,字堤尻
E9244859242,上北郡東北町,字堤端
E9244865711,上北郡東北町,字鶴ケ崎
E9244864827,上北郡東北町,字寺沢
E924486481,上北郡東北町,字寺沢川端
E924485953,上北郡東北町,字塔ノ沢
E924485698,上北郡東北町,字塔ノ沢山
E9244858955,上北郡東北町,字戸田ノ沢
E9244867139,上北郡東北町,字土場
E9244864794,上北郡東北町,字土場川
E924485996,上北郡東北町,字土場川目
E924486484,上北郡東北町,字鳥口平
E9244864861,上北郡東北町,字長久保
E9244864922,上北郡東北町,字中津平
E924486783,上北郡東北町,字中村道ノ上
E924486768,上北郡東北町,字中村道ノ下
E924485956,上北郡東北町,字夏焼
E9244867783,上北郡東北町,字楢木山
E924485984,上北郡東北町,字西ノ沢
E9244867617,上北郡東北町,字沼添左ノ平
E9244867543,上北郡東北町,字子ノ鳥平
E924486755,上北郡東北町,字野田頭
E9244867561,上北郡東北町,字野田頭山
E924486752,上北郡東北町,字野田尻
E924486496,上北郡東北町,字浜家苫
E9244867611,上北郡東北町,字浜台
E9244858558,上北郡東北町,字林ノ下
E924486722,上北郡東北町,字日影林ノ上山
E9244864518,上北郡東北町,旭北一丁目
E924486454,上北郡東北町,旭北二丁目
E9244864551,上北郡東北町,旭北三丁目
E9244864552,上北郡東北町,旭北四丁目
E9244864521,上北郡東北町,旭南一丁目
E9244864524,上北郡東北町,旭南二丁目
E9244864525,上北郡東北町,旭南三丁目
E9244864529,上北郡東北町,旭南四丁目
E924485939,上北郡東北町,字寒水
E924486741,上北郡東北町,字寒水下
E924486718,上北郡東北町,字寒水山
E9244859345,上北郡東北町,字敏蕩沢頭
E924489112,上北郡東北町,字藤木沢
E924485941,上北郡東北町,字夫雑原
E924485946,上北郡東北町,字夫雑原下山
E924485951,上北郡東北町,字夫雑原山中
E924486493,上北郡東北町,字船ケ沢
E924486468,上北郡東北町,字古屋敷
E924486773,上北郡東北町,字細津
E924486781,上北郡東北町,字細津橋ノ上
E9244859321,上北郡東北町,字仏沢
E9244867152,上北郡東北町,字保戸沢家ノ後
E9244867151,上北郡東北町,字保戸沢家ノ上
E924486712,上北郡東北町,字保戸沢家ノ前
E924486714,上北郡東北町,字保戸沢道橋ノ上
E924485979,上北郡東北町,字洞内沢頭
E9244864821,上北郡東北町,字間手場
E924485967,上北郡東北町,字饅頭長根
E9244864799,上北郡東北町,字水尻
E9244859894,上北郡東北町,字水流
E9244867587,上北郡東北町,字水喰
E9244867582,上北郡東北町,字水喰向
E924488331,上北郡東北町,字道合
E9244864915,上北郡東北町,字道ノ北
E924485914,上北郡東北町,字向平
E9244859318,上北郡東北町,字向籏屋
E9244859344,上北郡東北町,字向屋敷
E9244867482,上北郡東北町,字萠出道ノ上
E9244867488,上北郡東北町,字萠出道ノ下
E924488335,上北郡東北町,字谷地頭
E924486473,上北郡東北町,字弥太郎
E9244856882,上北郡東北町,字柳沢
E9244858596,上北郡東北町,字山添
E9244859268,上北郡東北町,字山下
E924485868,上北郡東北町,字湯沢
E924485858,上北郡東北町,字湯沢平
E924485882,上北郡東北町,字湯田平
E924485986,上北郡東北町,字横沢
E924485985,上北郡東北町,字横沢頭
E924485969,上北郡東北町,字横沢山
E9244865716,上北郡東北町,字横志多
E924486731,上北郡東北町,字和山平
E924486442,上北郡東北町,大字上野
E92448642,上北郡東北町,大字大浦
E924485388,上北郡東北町,大字新舘
E9244864439,上北郡東北町,上北北一丁目
E9244864434,上北郡東北町,上北北二丁目
E9244864431,上北郡東北町,上北北三丁目
E9244864513,上北郡東北町,上北南一丁目
E9244864512,上北郡東北町,上北南二丁目
E9244864433,上北郡東北町,上北南三丁目
E9244864432,上北郡東北町,上北南四丁目
E92448955,上北郡六ヶ所村,大字尾駮
E92448913,上北郡六ヶ所村,大字倉内
E92448927,上北郡六ヶ所村,大字鷹架
E92448959,上北郡六ヶ所村,大字出戸
E9244898,上北郡六ヶ所村,大字泊
E92448925,上北郡六ヶ所村,大字平沼
E9244862535,上北郡おいらせ町,青葉十丁目
E9244862566,上北郡おいらせ町,青葉一丁目
E9244862644,上北郡おいらせ町,青葉二丁目
E9244862641,上北郡おいらせ町,青葉三丁目
E9244862563,上北郡おいらせ町,青葉四丁目
E9244862617,上北郡おいらせ町,青葉五丁目
E9244862536,上北郡おいらせ町,青葉六丁目
E9244862564,上北郡おいらせ町,青葉七丁目
E9244862561,上北郡おいらせ町,青葉八丁目
E9244862537,上北郡おいらせ町,青葉九丁目
E9244838837,上北郡おいらせ町,赤田前
E9244839735,上北郡おいらせ町,秋堂
E9244838925,上北郡おいらせ町,明土
E924483894,上北郡おいらせ町,阿光坊
E924483884,上北郡おいらせ町,洗平
E9244839765,上北郡おいらせ町,犬毛谷地
E9244839851,上北郡おいらせ町,牛込平
E9244839827,上北郡おいらせ町,後田
E9244862648,上北郡おいらせ町,鶉久保
E924486266,上北郡おいらせ町,鶉久保山
E9244839763,上北郡おいらせ町,獺野
E9244839865,上北郡おいらせ町,風嵐
E9244839814,上北郡おいらせ町,上明堂
E9244838937,上北郡おいらせ町,上川原
E9244862612,上北郡おいらせ町,上久保
E9244839845,上北郡おいらせ町,上前田
E9244838831,上北郡おいらせ町,上谷地
E9244838678,上北郡おいらせ町,萱の前
E9244839736,上北郡おいらせ町,川端
E924483975,上北郡おいらせ町,木崎
E924486262,上北郡おいらせ町,北下田
E924486237,上北郡おいらせ町,木ノ下西
E924486239,上北郡おいらせ町,木ノ下東
E924486238,上北郡おいらせ町,木ノ下南
E924483868,上北郡おいらせ町,小前谷地
E9244839722,上北郡おいらせ町,境田
E9244838921,上北郡おいらせ町,三九郎
E9244839715,上北郡おいらせ町,三本木
E9244839815,上北郡おいらせ町,下明堂
E924483949,上北郡おいらせ町,下境
E9244839846,上北郡おいらせ町,下前田
E9244839861,上北郡おいらせ町,下屋敷
E9244838677,上北郡おいらせ町,上水下
E9244839824,上北郡おいらせ町,新助川原
E9244839945,上北郡おいらせ町,新田
E924483886,上北郡おいらせ町,神明前
E9244862831,上北郡おいらせ町,住吉一丁目
E9244862598,上北郡おいらせ町,住吉二丁目
E9244862595,上北郡おいらせ町,住吉三丁目
E92448625973,上北郡おいらせ町,住吉四丁目
E9244839847,上北郡おいらせ町,千刈田
E9244862317,上北郡おいらせ町,外小橋
E924483974,上北郡おいらせ町,染屋
E9244839762,上北郡おいらせ町,高田
E9244838916,上北郡おいらせ町,丈の端
E924483895,上北郡おいらせ町,立蛇
E9244838917,上北郡おいらせ町,舘越
E9244839766,上北郡おいらせ町,土取
E9244839857,上北郡おいらせ町,堤田
E924486314,上北郡おいらせ町,豊
E9244863181,上北郡おいらせ町,豊栄一丁目
E9244863188,上北郡おいらせ町,豊栄二丁目
E9244862349,上北郡おいらせ町,豊原一丁目
E924486229,上北郡おいらせ町,豊原二丁目
E9244839843,上北郡おいらせ町,苗平谷地
E9244839817,上北郡おいらせ町,苗振谷地
E9244838963,上北郡おいらせ町,中下田
E9244838969,上北郡おいらせ町,中平下長根山
E9244839767,上北郡おいらせ町,中野平
E9244838836,上北郡おいらせ町,中谷地
E9244839761,上北郡おいらせ町,菜飯
E924483977,上北郡おいらせ町,西後谷地
E924483885,上北郡おいらせ町,新敷
E9244838927,上北郡おいらせ町,西下川原
E924483869,上北郡おいらせ町,西下谷地
E9244838938,上北郡おいらせ町,西前川原
E924483948,上北郡おいらせ町,沼小屋
E9244839868,上北郡おいらせ町,沼端
E9244838939,上北郡おいらせ町,馳下り
E924486341,上北郡おいらせ町,浜道
E9244839867,上北郡おいらせ町,東後谷地
E9244839946,上北郡おいらせ町,東下川原
E924483989,上北郡おいらせ町,東下谷地
E924483983,上北郡おいらせ町,東前川原
E9244839731,上北郡おいらせ町,彦七川原
E924486329,上北郡おいらせ町,一川目
E9244863267,上北郡おいらせ町,一川目一丁目
E924486325,上北郡おいらせ町,一川目二丁目
E9244863289,上北郡おいらせ町,一川目三丁目
E9244863287,上北郡おいらせ町,一川目四丁目
E924486323,上北郡おいらせ町,深沢一丁目
E9244863261,上北郡おいらせ町,深沢二丁目
E924486322,上北郡おいらせ町,深沢平
E924483888,上北郡おいらせ町,瓢
E9244863516,上北郡おいらせ町,二川目一丁目
E9244863519,上北郡おいらせ町,二川目二丁目
E924486355,上北郡おいらせ町,二川目三丁目
E9244863572,上北郡おいらせ町,二川目四丁目
E9244862534,上北郡おいらせ町,古間木山
E9244839866,上北郡おいらせ町,堀ノ内
E9244838912,上北郡おいらせ町,前谷地
E9244839727,上北郡おいらせ町,間木
E9244839974,上北郡おいらせ町,松原一丁目
E9244839975,上北郡おいらせ町,松原二丁目
E9244862671,上北郡おいらせ町,緑ヶ丘十丁目
E92448625927,上北郡おいらせ町,緑ヶ丘一丁目
E92448625687,上北郡おいらせ町,緑ヶ丘二丁目
E92448625682,上北郡おいらせ町,緑ヶ丘三丁目
E92448625692,上北郡おいらせ町,緑ヶ丘四丁目
E92448625697,上北郡おいらせ町,緑ヶ丘五丁目
E92448625934,上北郡おいらせ町,緑ヶ丘六丁目
E92448625929,上北郡おいらせ町,緑ヶ丘七丁目
E92448625938,上北郡おいらせ町,緑ヶ丘八丁目
E9244862647,上北郡おいらせ町,緑ヶ丘九丁目
E9244838918,上北郡おいらせ町,南下田
E9244839718,上北郡おいらせ町,向川原
E924486343,上北郡おいらせ町,向平
E9244862314,上北郡おいらせ町,向山一丁目
E924486223,上北郡おいらせ町,向山二丁目
E924486225,上北郡おいらせ町,向山三丁目
E9244862315,上北郡おいらせ町,向山四丁目
E9244862342,上北郡おいらせ町,向山五丁目
E924486232,上北郡おいらせ町,向山東一丁目
E924486236,上北郡おいらせ町,向山東二丁目
E924486233,上北郡おいらせ町,向山東三丁目
E924486311,上北郡おいらせ町,山崎
E9244839882,上北郡おいらせ町,洋光台一丁目
E92448398856,上北郡おいらせ町,洋光台二丁目
E92448398843,上北郡おいらせ町,洋光台三丁目
E92448398857,上北郡おいらせ町,洋光台四丁目
E92448398845,上北郡おいらせ町,洋光台五丁目
E924483987,上北郡おいらせ町,洋光台六丁目
E92448625942,上北郡おいらせ町,若葉十丁目
E92448625589,上北郡おいらせ町,若葉一丁目
E92448625584,上北郡おいらせ町,若葉二丁目
E92448625671,上北郡おいらせ町,若葉三丁目
E92448625673,上北郡おいらせ町,若葉四丁目
E92448625677,上北郡おいらせ町,若葉五丁目
E92448625679,上北郡おいらせ町,若葉六丁目
E92448625836,上北郡おいらせ町,若葉七丁目
E9244862591,上北郡おいらせ町,若葉八丁目
E92448625941,上北郡おいらせ町,若葉九丁目
E924486316,上北郡おいらせ町,内山平
E924483979,上北郡おいらせ町,黒坂谷地
E924486313,上北郡おいらせ町,向坂
E924486312,上北郡おいらせ町,向山東四丁目
E924483899,上北郡おいらせ町,向山南
E9247249,下北郡大間町,大字大間
E92472461,下北郡大間町,大字奥戸
E9247262,下北郡東通村,大字岩屋
E92472377,下北郡東通村,大字大利
E92472353,下北郡東通村,大字小田野沢
E92472384,下北郡東通村,大字蒲野沢
E92472383,下北郡東通村,大字猿ケ森
E92472631,下北郡東通村,大字尻労
E9247232,下北郡東通村,大字白糠
E92472635,下北郡東通村,大字尻屋
E92472358,下北郡東通村,大字砂子又
E92472349,下北郡東通村,大字田屋
E92472387,下北郡東通村,大字野牛
E92472373,下北郡東通村,大字目名
E9247254,下北郡風間浦村,大字易国間
E9247255,下北郡風間浦村,大字下風呂
E92472468,下北郡風間浦村,大字蛇浦
E9247242,下北郡佐井村,大字佐井
E9247217,下北郡佐井村,大字長後
E92448313,三戸郡三戸町,大字泉山
E924459788,三戸郡三戸町,大字梅内
E9244822,三戸郡三戸町,大字貝守
E924483114,三戸郡三戸町,大字川守田
E92448312471,三戸郡三戸町,大字川守田町
E92448312479,三戸郡三戸町,大字久慈町
E9244831163,三戸郡三戸町,大字在府小路町
E92448234,三戸郡三戸町,大字蛇沼
E924483112,三戸郡三戸町,大字同心町
E9244589,三戸郡三戸町,大字斗内
E92445977,三戸郡三戸町,大字豊川
E92448233,三戸郡三戸町,大字袴田
E9244831134,三戸郡三戸町,大字馬喰町
E9244831162,三戸郡三戸町,大字二日町
E9244831166,三戸郡三戸町,大字六日町
E924459785,三戸郡三戸町,大字目時
E9244831137,三戸郡三戸町,大字八日町
E92448381535,三戸郡五戸町,字赤川
E9244834951,三戸郡五戸町,字愛宕後
E9244834927,三戸郡五戸町,字愛宕下タ
E92448349521,三戸郡五戸町,字愛宕丁
E92448349487,三戸郡五戸町,字油出
E92448349541,三戸郡五戸町,字荒町
E9244835744,三戸郡五戸町,字五百久保
E9244838125,三戸郡五戸町,字石仏
E9244838116,三戸郡五戸町,字石仏上川原
E9244835787,三戸郡五戸町,字石仏前
E9244834963,三戸郡五戸町,字泉窪
E92448349832,三戸郡五戸町,字市川道十文字
E9244837315,三戸郡五戸町,字銀杏木
E9244834977,三戸郡五戸町,字一本木
E9244838126,三戸郡五戸町,字兎内
E9244835776,三戸郡五戸町,字兎内上保戸沢
E92448381231,三戸郡五戸町,字兎内下保戸沢
E9244838134,三戸郡五戸町,字兎内下谷地
E9244834976,三戸郡五戸町,字姥堤
E9244834688,三戸郡五戸町,字ウルエ長根
E9244834921,三戸郡五戸町,字ウルエ長根下
E9244838152,三戸郡五戸町,字蛯川後
E9244838128,三戸郡五戸町,字蛯川前川原
E9244838127,三戸郡五戸町,字蛯川村
E92448349291,三戸郡五戸町,字追分
E924483734,三戸郡五戸町,字応田
E9244834934,三戸郡五戸町,字大渡
E9244834938,三戸郡五戸町,字大渡道ノ下モ
E9244835777,三戸郡五戸町,字鍜冶屋窪
E9244834992,三戸郡五戸町,字鍜冶屋窪上ミ
E9244835779,三戸郡五戸町,字上兎内
E92448349544,三戸郡五戸町,字上大町
E924483818,三戸郡五戸町,字上新道
E9244834686,三戸郡五戸町,字上長下
E9244834895,三戸郡五戸町,字上新井田
E9244834971,三戸郡五戸町,字上新井田前
E9244837313,三戸郡五戸町,字上根前
E9244835741,三戸郡五戸町,字上保戸沢
E9244837311,三戸郡五戸町,字傘松
E92448349499,三戸郡五戸町,字川原町
E92448349723,三戸郡五戸町,字川原町裏
E92448349733,三戸郡五戸町,字川原町下裏
E92448349482,三戸郡五戸町,字川原町西裏
E9244834943,三戸郡五戸町,字観音堂
E92448349423,三戸郡五戸町,字狐森
E92448349428,三戸郡五戸町,字狐森北
E92448349662,三戸郡五戸町,字久蔵窪
E92448349916,三戸郡五戸町,字熊ノ沢
E92448349599,三戸郡五戸町,字熊ノ沢頭
E924483811568,三戸郡五戸町,字熊野林
E924483814,三戸郡五戸町,字熊野林後
E924483811566,三戸郡五戸町,字熊野林前
E9244834891,三戸郡五戸町,字毛無森
E924483738,三戸郡五戸町,字越掛沢
E9244837365,三戸郡五戸町,字越掛沢道ノ下モ
E9244835781,三戸郡五戸町,字小渡
E9244835749,三戸郡五戸町,字小渡頭
E9244837366,三戸郡五戸町,字幸ノ神
E9244838138,三戸郡五戸町,字佐野上谷地
E92448381235,三戸郡五戸町,字鮫ノ口
E92448349575,三戸郡五戸町,字沢
E9244834956,三戸郡五戸町,字沢向
E924483732,三戸郡五戸町,字鹿内
E924483735,三戸郡五戸町,字鹿内下モ
E9244834955,三戸郡五戸町,字下タノ沢
E9244834953,三戸郡五戸町,字下タノ沢頭
E92448349548,三戸郡五戸町,字下大町
E92448349594,三戸郡五戸町,字下モ沢向
E92448349913,三戸郡五戸町,字下中崎
E924483469,三戸郡五戸町,字下長下タ
E92448373361,三戸郡五戸町,字下新井田
E92448373363,三戸郡五戸町,字下新井田前
E9244837337,三戸郡五戸町,字下根前
E92448357726,三戸郡五戸町,字下保戸沢
E9244834962,三戸郡五戸町,字正場沢
E9244834965,三戸郡五戸町,字正場沢長根
E9244834916,三戸郡五戸町,字治郎左エ門長根
E9244834937,三戸郡五戸町,字新蔵長根
E92448349527,三戸郡五戸町,字新丁
E9244835771,三戸郡五戸町,字新田窪
E924483495462,三戸郡五戸町,字新町
E92448349523,三戸郡五戸町,字神明後
E9244834685,三戸郡五戸町,字惣林橋
E9244837232,三戸郡五戸町,字大学沢
E924483722,三戸郡五戸町,字大学沢向
E9244837237,三戸郡五戸町,字大工窪
E9244837334,三戸郡五戸町,字太平楽
E9244834969,三戸郡五戸町,字竹原
E92448349493,三戸郡五戸町,字舘
E924483571,三戸郡五戸町,字地蔵岱
E92448357727,三戸郡五戸町,字丁塚
E924483467,三戸郡五戸町,字塚無岱
E92448349486,三戸郡五戸町,字伝兵衛丁
E9244834958,三戸郡五戸町,字天満
E92448349822,三戸郡五戸町,字天満後
E92448349824,三戸郡五戸町,字天満下川原
E92448349299,三戸郡五戸町,字土井頭
E9244834985,三戸郡五戸町,字筒口川原
E9244835745,三戸郡五戸町,字徳良窪
E9244834967,三戸郡五戸町,字中崎
E9244834915,三戸郡五戸町,字中ノ沢
E9244834941,三戸郡五戸町,字中ノ沢西張
E92448349681,三戸郡五戸町,字中道
E92448349689,三戸郡五戸町,字中道十文字
E92448381538,三戸郡五戸町,字中寄
E924483575,三戸郡五戸町,字苗代沢
E92448349668,三戸郡五戸町,字二階平
E92448349686,三戸郡五戸町,字二階平下タ
E92448349983,三戸郡五戸町,字西ノ沢
E9244834926,三戸郡五戸町,字二本柳
E9244834923,三戸郡五戸町,字二本柳向
E9244834974,三戸郡五戸町,字根岸
E9244834946,三戸郡五戸町,字野月
E9244837316,三戸郡五戸町,字白山
E924483495469,三戸郡五戸町,字博労町
E924483486,三戸郡五戸町,字八景
E9244838111,三戸郡五戸町,字花道川原
E9244834924,三戸郡五戸町,字古街道長根
E9244834986,三戸郡五戸町,字古舘
E92448349987,三戸郡五戸町,字古舘下川原
E9244834994,三戸郡五戸町,字古舘向
E92448349839,三戸郡五戸町,字古舘脇
E92448349731,三戸郡五戸町,字古堂
E92448349728,三戸郡五戸町,字古堂後
E9244837234,三戸郡五戸町,字平佐窪
E92448349572,三戸郡五戸町,字堀合
E924483726,三戸郡五戸町,字虫追塚前
E92448349549,三戸郡五戸町,字横丁
E92448342,三戸郡五戸町,大字浅水
E92448354,三戸郡五戸町,大字扇田
E924483863,三戸郡五戸町,大字上市川
E92448382,三戸郡五戸町,大字切谷内
E924483483,三戸郡五戸町,大字倉石石沢
E92448344,三戸郡五戸町,大字倉石中市
E92448266,三戸郡五戸町,大字倉石又重
E92448317,三戸郡五戸町,大字手倉橋
E92448355,三戸郡五戸町,大字豊間内
E924458812,三戸郡田子町,字平成田
E92445882,三戸郡田子町,大字石亀
E92445872,三戸郡田子町,大字関
E92445885,三戸郡田子町,大字相米
E92445888,三戸郡田子町,大字田子
E9244585,三戸郡田子町,大字遠瀬
E92445871,三戸郡田子町,大字夏坂
E92445883,三戸郡田子町,大字原
E924458814,三戸郡田子町,大字茂市
E92445873,三戸郡田子町,大字山口
E92448319,三戸郡南部町,大字相内
E924483161,三戸郡南部町,大字赤石
E924483129,三戸郡南部町,大字大向
E92448315,三戸郡南部町,大字沖田面
E92448352,三戸郡南部町,大字片岸
E924483388,三戸郡南部町,大字椛木
E924483245,三戸郡南部町,大字上名久井
E924483277,三戸郡南部町,大字剣吉
E9244835395,三戸郡南部町,大字小泉
E924483374,三戸郡南部町,大字埖渡
E92448314,三戸郡南部町,大字小向
E92448326,三戸郡南部町,大字下名久井
E924483379,三戸郡南部町,大字杉沢
E924483243,三戸郡南部町,大字平
E924483241,三戸郡南部町,大字高瀬
E9244835394,三戸郡南部町,大字高橋
E924483167,三戸郡南部町,大字玉掛
E924483213,三戸郡南部町,大字鳥舌内
E92448351,三戸郡南部町,大字斗賀
E924483537,三戸郡南部町,大字苫米地
E92445988,三戸郡南部町,大字鳥谷
E924483271,三戸郡南部町,大字虎渡
E92448329,三戸郡南部町,大字福田
E924483218,三戸郡南部町,大字法光寺
E924483615,三戸郡南部町,大字法師岡
E92448356,三戸郡南部町,大字麦沢
E92448328,三戸郡南部町,大字森越
E92449128,三戸郡階上町,大字赤保内
E92449119,三戸郡階上町,大字金山沢
E92449113,三戸郡階上町,大字田代
E924491511,三戸郡階上町,大字角柄折
E92449137,三戸郡階上町,大字道仏
E92449125,三戸郡階上町,大字鳥屋部
E924491163,三戸郡階上町,大字晴山沢
E924491169,三戸郡階上町,大字平内
E9244915178,三戸郡階上町,蒼前西一丁目
E9244915176,三戸郡階上町,蒼前西二丁目
E9244915181,三戸郡階上町,蒼前西三丁目
E9244915173,三戸郡階上町,蒼前西四丁目
E9244915172,三戸郡階上町,蒼前西五丁目
E924491439,三戸郡階上町,蒼前西六丁目
E9244915187,三戸郡階上町,蒼前西七丁目
E9244915194,三戸郡階上町,蒼前東一丁目
E9244915193,三戸郡階上町,蒼前東二丁目
E924491516,三戸郡階上町,蒼前東三丁目
E92449151598,三戸郡階上町,蒼前東四丁目
E9244915182,三戸郡階上町,蒼前東五丁目
E9244915158,三戸郡階上町,蒼前東六丁目
E92449151592,三戸郡階上町,蒼前東七丁目
E9244915155,三戸郡階上町,蒼前東八丁目
E92448238,三戸郡新郷村,大字西越
E9244825,三戸郡新郷村,大字戸来